geo,new_time_period,obs_value,key1
AT,2010-Q1,113.76,AT2010-Q1
AT,2010-Q2,114.21,AT2010-Q2
AT,2010-Q3,115.48,AT2010-Q3
AT,2010-Q4,116.02,AT2010-Q4
AT,2011-Q1,116.65,AT2011-Q1
AT,2011-Q2,117.73,AT2011-Q2
AT,2011-Q3,119.54,AT2011-Q3
AT,2011-Q4,120.62,AT2011-Q4
AT,2012-Q1,121.7,AT2012-Q1
AT,2012-Q2,123.6,AT2012-Q2
AT,2012-Q3,124.5,AT2012-Q3
AT,2012-Q4,125.58,AT2012-Q4
AT,2013-Q1,126.58,AT2013-Q1
AT,2013-Q2,127.21,AT2013-Q2
AT,2013-Q3,128.02,AT2013-Q3
AT,2013-Q4,128.92,AT2013-Q4
AT,2014-Q1,130.45,AT2014-Q1
AT,2014-Q2,131.9,AT2014-Q2
AT,2014-Q3,133.43,AT2014-Q3
AT,2014-Q4,135.24,AT2014-Q4
AT,2015-Q1,137.04,AT2015-Q1
AT,2015-Q2,138.39,AT2015-Q2
AT,2015-Q3,139.39,AT2015-Q3
AT,2015-Q4,139.57,AT2015-Q4
AT,2016-Q1,140.56,AT2016-Q1
AT,2016-Q2,142.27,AT2016-Q2
AT,2016-Q3,143.63,AT2016-Q3
AT,2016-Q4,145.07,AT2016-Q4
AT,2017-Q1,146.33,AT2017-Q1
AT,2017-Q2,147.87,AT2017-Q2
AT,2017-Q3,149.67,AT2017-Q3
AT,2017-Q4,151.29,AT2017-Q4
AT,2018-Q1,152.38,AT2018-Q1
AT,2018-Q2,153.46,AT2018-Q2
AT,2018-Q3,155.08,AT2018-Q3
AT,2018-Q4,156.44,AT2018-Q4
AT,2019-Q1,157.25,AT2019-Q1
AT,2019-Q2,158.51,AT2019-Q2
AT,2019-Q3,159.68,AT2019-Q3
AT,2019-Q4,160.23,AT2019-Q4
AT,2020-Q1,161.76,AT2020-Q1
AT,2020-Q2,163.83,AT2020-Q2
AT,2020-Q3,166.99,AT2020-Q3
AT,2020-Q4,169.16,AT2020-Q4
AT,2021-Q1,170.53,AT2021-Q1
AT,2021-Q2,170.17,AT2021-Q2
AT,2021-Q3,167.69,AT2021-Q3
AT,2021-Q4,166.33,AT2021-Q4
AT,2022-Q1,166.85,AT2022-Q1
AT,2022-Q2,168.71,AT2022-Q2
AT,2022-Q3,170.96,AT2022-Q3
AT,2022-Q4,173.8,AT2022-Q4
AT,2023-Q1,177.44,AT2023-Q1
AT,2023-Q2,181.02,AT2023-Q2
AT,2023-Q3,185.32,AT2023-Q3
AT,2023-Q4,189.92,AT2023-Q4
BE,2010-Q1,109.16,BE2010-Q1
BE,2010-Q2,109.45,BE2010-Q2
BE,2010-Q3,109.68,BE2010-Q3
BE,2010-Q4,109.89,BE2010-Q4
BE,2011-Q1,110.35,BE2011-Q1
BE,2011-Q2,110.78,BE2011-Q2
BE,2011-Q3,110.96,BE2011-Q3
BE,2011-Q4,111.24,BE2011-Q4
BE,2012-Q1,111.93,BE2012-Q1
BE,2012-Q2,112.45,BE2012-Q2
BE,2012-Q3,112.78,BE2012-Q3
BE,2012-Q4,112.98,BE2012-Q4
BE,2013-Q1,113.46,BE2013-Q1
BE,2013-Q2,113.98,BE2013-Q2
BE,2013-Q3,114.22,BE2013-Q3
BE,2013-Q4,114.58,BE2013-Q4
BE,2014-Q1,115.5,BE2014-Q1
BE,2014-Q2,115.89,BE2014-Q2
BE,2014-Q3,116.21,BE2014-Q3
BE,2014-Q4,116.55,BE2014-Q4
BE,2015-Q1,116.95,BE2015-Q1
BE,2015-Q2,117.1,BE2015-Q2
BE,2015-Q3,117.24,BE2015-Q3
BE,2015-Q4,117.52,BE2015-Q4
BE,2016-Q1,118.03,BE2016-Q1
BE,2016-Q2,118.23,BE2016-Q2
BE,2016-Q3,118.4,BE2016-Q3
BE,2016-Q4,118.61,BE2016-Q4
BE,2017-Q1,119.26,BE2017-Q1
BE,2017-Q2,119.49,BE2017-Q2
BE,2017-Q3,119.67,BE2017-Q3
BE,2017-Q4,119.94,BE2017-Q4
BE,2018-Q1,120.55,BE2018-Q1
BE,2018-Q2,120.77,BE2018-Q2
BE,2018-Q3,120.94,BE2018-Q3
BE,2018-Q4,121.12,BE2018-Q4
BE,2019-Q1,121.76,BE2019-Q1
BE,2019-Q2,121.97,BE2019-Q2
BE,2019-Q3,122.17,BE2019-Q3
BE,2019-Q4,122.58,BE2019-Q4
BE,2020-Q1,124.72,BE2020-Q1
BE,2020-Q2,125.29,BE2020-Q2
BE,2020-Q3,125.09,BE2020-Q3
BE,2020-Q4,126.4,BE2020-Q4
BE,2021-Q1,126.95,BE2021-Q1
BE,2021-Q2,127.52,BE2021-Q2
BE,2021-Q3,127.86,BE2021-Q3
BE,2021-Q4,129.3,BE2021-Q4
BE,2022-Q1,130.02,BE2022-Q1
BE,2022-Q2,131.41,BE2022-Q2
BE,2022-Q3,132.69,BE2022-Q3
BE,2022-Q4,135.46,BE2022-Q4
BE,2023-Q1,137.91,BE2023-Q1
BE,2023-Q2,139.47,BE2023-Q2
BE,2023-Q3,140.48,BE2023-Q3
BE,2023-Q4,143.15,BE2023-Q4
BG,2010-Q1,135.91,BG2010-Q1
BG,2010-Q2,137.86,BG2010-Q2
BG,2010-Q3,137.75,BG2010-Q3
BG,2010-Q4,139.06,BG2010-Q4
BG,2011-Q1,139.49,BG2011-Q1
BG,2011-Q2,139.49,BG2011-Q2
BG,2011-Q3,139.48,BG2011-Q3
BG,2011-Q4,139.52,BG2011-Q4
BG,2012-Q1,139.49,BG2012-Q1
BG,2012-Q2,140.09,BG2012-Q2
BG,2012-Q3,141.68,BG2012-Q3
BG,2012-Q4,141.65,BG2012-Q4
BG,2013-Q1,141.41,BG2013-Q1
BG,2013-Q2,141.53,BG2013-Q2
BG,2013-Q3,141.53,BG2013-Q3
BG,2013-Q4,141.28,BG2013-Q4
BG,2014-Q1,141.33,BG2014-Q1
BG,2014-Q2,141.59,BG2014-Q2
BG,2014-Q3,141.88,BG2014-Q3
BG,2014-Q4,142.29,BG2014-Q4
BG,2015-Q1,142.73,BG2015-Q1
BG,2015-Q2,142.77,BG2015-Q2
BG,2015-Q3,142.8,BG2015-Q3
BG,2015-Q4,142.99,BG2015-Q4
BG,2016-Q1,143.01,BG2016-Q1
BG,2016-Q2,143.7,BG2016-Q2
BG,2016-Q3,143.8,BG2016-Q3
BG,2016-Q4,144.18,BG2016-Q4
BG,2017-Q1,144.45,BG2017-Q1
BG,2017-Q2,145.1,BG2017-Q2
BG,2017-Q3,145.23,BG2017-Q3
BG,2017-Q4,145.67,BG2017-Q4
BG,2018-Q1,146.39,BG2018-Q1
BG,2018-Q2,147.45,BG2018-Q2
BG,2018-Q3,148.42,BG2018-Q3
BG,2018-Q4,149.13,BG2018-Q4
BG,2019-Q1,150.86,BG2019-Q1
BG,2019-Q2,152.87,BG2019-Q2
BG,2019-Q3,153.37,BG2019-Q3
BG,2019-Q4,153.62,BG2019-Q4
BG,2020-Q1,155.64,BG2020-Q1
BG,2020-Q2,156.51,BG2020-Q2
BG,2020-Q3,156.9,BG2020-Q3
BG,2020-Q4,157.11,BG2020-Q4
BG,2021-Q1,158.23,BG2021-Q1
BG,2021-Q2,158.93,BG2021-Q2
BG,2021-Q3,159.26,BG2021-Q3
BG,2021-Q4,160.1,BG2021-Q4
BG,2022-Q1,164.99,BG2022-Q1
BG,2022-Q2,168.8,BG2022-Q2
BG,2022-Q3,170.54,BG2022-Q3
BG,2022-Q4,172.52,BG2022-Q4
BG,2023-Q1,180.58,BG2023-Q1
BG,2023-Q2,183.1,BG2023-Q2
BG,2023-Q3,184.05,BG2023-Q3
BG,2023-Q4,185.91,BG2023-Q4
CY,2010-Q1,113.21,CY2010-Q1
CY,2010-Q2,113.45,CY2010-Q2
CY,2010-Q3,113.02,CY2010-Q3
CY,2010-Q4,113.36,CY2010-Q4
CY,2011-Q1,113.14,CY2011-Q1
CY,2011-Q2,114.08,CY2011-Q2
CY,2011-Q3,114.08,CY2011-Q3
CY,2011-Q4,114.24,CY2011-Q4
CY,2012-Q1,114.29,CY2012-Q1
CY,2012-Q2,114.49,CY2012-Q2
CY,2012-Q3,114.37,CY2012-Q3
CY,2012-Q4,114.32,CY2012-Q4
CY,2013-Q1,110.56,CY2013-Q1
CY,2013-Q2,107.2,CY2013-Q2
CY,2013-Q3,105.98,CY2013-Q3
CY,2013-Q4,103.15,CY2013-Q4
CY,2014-Q1,101.56,CY2014-Q1
CY,2014-Q2,100.65,CY2014-Q2
CY,2014-Q3,100.09,CY2014-Q3
CY,2014-Q4,99.4,CY2014-Q4
CY,2015-Q1,99.46,CY2015-Q1
CY,2015-Q2,99.43,CY2015-Q2
CY,2015-Q3,99.18,CY2015-Q3
CY,2015-Q4,98.99,CY2015-Q4
CY,2016-Q1,98.82,CY2016-Q1
CY,2016-Q2,98.71,CY2016-Q2
CY,2016-Q3,98.68,CY2016-Q3
CY,2016-Q4,98.86,CY2016-Q4
CY,2017-Q1,99.11,CY2017-Q1
CY,2017-Q2,99.36,CY2017-Q2
CY,2017-Q3,99.67,CY2017-Q3
CY,2017-Q4,99.9,CY2017-Q4
CY,2018-Q1,100.82,CY2018-Q1
CY,2018-Q2,101.48,CY2018-Q2
CY,2018-Q3,102.49,CY2018-Q3
CY,2018-Q4,103.17,CY2018-Q4
CY,2019-Q1,104.5,CY2019-Q1
CY,2019-Q2,105.33,CY2019-Q2
CY,2019-Q3,105.62,CY2019-Q3
CY,2019-Q4,106.28,CY2019-Q4
CY,2020-Q1,107.56,CY2020-Q1
CY,2020-Q2,107.79,CY2020-Q2
CY,2020-Q3,108.21,CY2020-Q3
CY,2020-Q4,108.62,CY2020-Q4
CY,2021-Q1,108.98,CY2021-Q1
CY,2021-Q2,109.54,CY2021-Q2
CY,2021-Q3,110.09,CY2021-Q3
CY,2021-Q4,111.73,CY2021-Q4
CY,2022-Q1,112.12,CY2022-Q1
CY,2022-Q2,113.02,CY2022-Q2
CY,2022-Q3,113.88,CY2022-Q3
CY,2022-Q4,114.73,CY2022-Q4
CY,2023-Q1,116.1,CY2023-Q1
CY,2023-Q2,117.61,CY2023-Q2
CY,2023-Q3,119.32,CY2023-Q3
CY,2023-Q4,121.06,CY2023-Q4
CZ,2010-Q1,154.1,CZ2010-Q1
CZ,2010-Q2,154.07,CZ2010-Q2
CZ,2010-Q3,154.9,CZ2010-Q3
CZ,2010-Q4,154.73,CZ2010-Q4
CZ,2011-Q1,157.17,CZ2011-Q1
CZ,2011-Q2,157.67,CZ2011-Q2
CZ,2011-Q3,159.53,CZ2011-Q3
CZ,2011-Q4,160.33,CZ2011-Q4
CZ,2012-Q1,164.57,CZ2012-Q1
CZ,2012-Q2,165.27,CZ2012-Q2
CZ,2012-Q3,166.07,CZ2012-Q3
CZ,2012-Q4,166.27,CZ2012-Q4
CZ,2013-Q1,168.47,CZ2013-Q1
CZ,2013-Q2,168.5,CZ2013-Q2
CZ,2013-Q3,169.17,CZ2013-Q3
CZ,2013-Q4,169.33,CZ2013-Q4
CZ,2014-Q1,169.97,CZ2014-Q1
CZ,2014-Q2,169.87,CZ2014-Q2
CZ,2014-Q3,170.8,CZ2014-Q3
CZ,2014-Q4,171.03,CZ2014-Q4
CZ,2015-Q1,171.6,CZ2015-Q1
CZ,2015-Q2,171.87,CZ2015-Q2
CZ,2015-Q3,171.6,CZ2015-Q3
CZ,2015-Q4,172.37,CZ2015-Q4
CZ,2016-Q1,173.1,CZ2016-Q1
CZ,2016-Q2,173.4,CZ2016-Q2
CZ,2016-Q3,174.23,CZ2016-Q3
CZ,2016-Q4,174.83,CZ2016-Q4
CZ,2017-Q1,176.33,CZ2017-Q1
CZ,2017-Q2,177.13,CZ2017-Q2
CZ,2017-Q3,177.97,CZ2017-Q3
CZ,2017-Q4,179.0,CZ2017-Q4
CZ,2018-Q1,180.37,CZ2018-Q1
CZ,2018-Q2,182.23,CZ2018-Q2
CZ,2018-Q3,183.97,CZ2018-Q3
CZ,2018-Q4,185.0,CZ2018-Q4
CZ,2019-Q1,187.17,CZ2019-Q1
CZ,2019-Q2,188.6,CZ2019-Q2
CZ,2019-Q3,191.2,CZ2019-Q3
CZ,2019-Q4,191.93,CZ2019-Q4
CZ,2020-Q1,195.1,CZ2020-Q1
CZ,2020-Q2,195.6,CZ2020-Q2
CZ,2020-Q3,195.93,CZ2020-Q3
CZ,2020-Q4,195.77,CZ2020-Q4
CZ,2021-Q1,197.6,CZ2021-Q1
CZ,2021-Q2,199.17,CZ2021-Q2
CZ,2021-Q3,201.3,CZ2021-Q3
CZ,2021-Q4,202.97,CZ2021-Q4
CZ,2022-Q1,206.17,CZ2022-Q1
CZ,2022-Q2,208.37,CZ2022-Q2
CZ,2022-Q3,211.5,CZ2022-Q3
CZ,2022-Q4,214.6,CZ2022-Q4
CZ,2023-Q1,219.4,CZ2023-Q1
CZ,2023-Q2,222.7,CZ2023-Q2
CZ,2023-Q3,227.73,CZ2023-Q3
CZ,2023-Q4,230.8,CZ2023-Q4
DE,2010-Q1,105.07,DE2010-Q1
DE,2010-Q2,105.43,DE2010-Q2
DE,2010-Q3,105.7,DE2010-Q3
DE,2010-Q4,105.97,DE2010-Q4
DE,2011-Q1,106.4,DE2011-Q1
DE,2011-Q2,106.8,DE2011-Q2
DE,2011-Q3,107.07,DE2011-Q3
DE,2011-Q4,107.37,DE2011-Q4
DE,2012-Q1,107.7,DE2012-Q1
DE,2012-Q2,107.97,DE2012-Q2
DE,2012-Q3,108.3,DE2012-Q3
DE,2012-Q4,108.6,DE2012-Q4
DE,2013-Q1,109.0,DE2013-Q1
DE,2013-Q2,109.4,DE2013-Q2
DE,2013-Q3,109.7,DE2013-Q3
DE,2013-Q4,110.1,DE2013-Q4
DE,2014-Q1,110.67,DE2014-Q1
DE,2014-Q2,111.1,DE2014-Q2
DE,2014-Q3,111.4,DE2014-Q3
DE,2014-Q4,111.77,DE2014-Q4
DE,2015-Q1,112.1,DE2015-Q1
DE,2015-Q2,112.5,DE2015-Q2
DE,2015-Q3,112.77,DE2015-Q3
DE,2015-Q4,113.0,DE2015-Q4
DE,2016-Q1,113.4,DE2016-Q1
DE,2016-Q2,113.7,DE2016-Q2
DE,2016-Q3,114.1,DE2016-Q3
DE,2016-Q4,114.67,DE2016-Q4
DE,2017-Q1,115.2,DE2017-Q1
DE,2017-Q2,115.67,DE2017-Q2
DE,2017-Q3,116.1,DE2017-Q3
DE,2017-Q4,116.53,DE2017-Q4
DE,2018-Q1,117.07,DE2018-Q1
DE,2018-Q2,117.53,DE2018-Q2
DE,2018-Q3,117.97,DE2018-Q3
DE,2018-Q4,118.37,DE2018-Q4
DE,2019-Q1,118.87,DE2019-Q1
DE,2019-Q2,119.3,DE2019-Q2
DE,2019-Q3,119.7,DE2019-Q3
DE,2019-Q4,120.13,DE2019-Q4
DE,2020-Q1,120.63,DE2020-Q1
DE,2020-Q2,121.0,DE2020-Q2
DE,2020-Q3,121.3,DE2020-Q3
DE,2020-Q4,121.7,DE2020-Q4
DE,2021-Q1,122.13,DE2021-Q1
DE,2021-Q2,122.57,DE2021-Q2
DE,2021-Q3,122.93,DE2021-Q3
DE,2021-Q4,123.3,DE2021-Q4
DE,2022-Q1,123.9,DE2022-Q1
DE,2022-Q2,124.5,DE2022-Q2
DE,2022-Q3,125.1,DE2022-Q3
DE,2022-Q4,125.67,DE2022-Q4
DE,2023-Q1,126.4,DE2023-Q1
DE,2023-Q2,127.07,DE2023-Q2
DE,2023-Q3,127.7,DE2023-Q3
DE,2023-Q4,128.23,DE2023-Q4
DK,2010-Q1,111.87,DK2010-Q1
DK,2010-Q2,113.5,DK2010-Q2
DK,2010-Q3,115.03,DK2010-Q3
DK,2010-Q4,113.03,DK2010-Q4
DK,2011-Q1,115.17,DK2011-Q1
DK,2011-Q2,116.7,DK2011-Q2
DK,2011-Q3,118.7,DK2011-Q3
DK,2011-Q4,116.47,DK2011-Q4
DK,2012-Q1,118.37,DK2012-Q1
DK,2012-Q2,119.77,DK2012-Q2
DK,2012-Q3,121.37,DK2012-Q3
DK,2012-Q4,119.5,DK2012-Q4
DK,2013-Q1,121.07,DK2013-Q1
DK,2013-Q2,122.27,DK2013-Q2
DK,2013-Q3,123.6,DK2013-Q3
DK,2013-Q4,122.1,DK2013-Q4
DK,2014-Q1,123.5,DK2014-Q1
DK,2014-Q2,124.5,DK2014-Q2
DK,2014-Q3,125.4,DK2014-Q3
DK,2014-Q4,124.3,DK2014-Q4
DK,2015-Q1,125.73,DK2015-Q1
DK,2015-Q2,126.93,DK2015-Q2
DK,2015-Q3,127.83,DK2015-Q3
DK,2015-Q4,126.57,DK2015-Q4
DK,2016-Q1,127.97,DK2016-Q1
DK,2016-Q2,128.7,DK2016-Q2
DK,2016-Q3,128.7,DK2016-Q3
DK,2016-Q4,128.7,DK2016-Q4
DK,2017-Q1,130.1,DK2017-Q1
DK,2017-Q2,130.8,DK2017-Q2
DK,2017-Q3,130.8,DK2017-Q3
DK,2017-Q4,130.8,DK2017-Q4
DK,2018-Q1,131.73,DK2018-Q1
DK,2018-Q2,132.2,DK2018-Q2
DK,2018-Q3,132.2,DK2018-Q3
DK,2018-Q4,132.2,DK2018-Q4
DK,2019-Q1,133.0,DK2019-Q1
DK,2019-Q2,133.4,DK2019-Q2
DK,2019-Q3,133.4,DK2019-Q3
DK,2019-Q4,133.4,DK2019-Q4
DK,2020-Q1,134.27,DK2020-Q1
DK,2020-Q2,134.7,DK2020-Q2
DK,2020-Q3,134.7,DK2020-Q3
DK,2020-Q4,134.7,DK2020-Q4
DK,2021-Q1,135.83,DK2021-Q1
DK,2021-Q2,136.4,DK2021-Q2
DK,2021-Q3,136.4,DK2021-Q3
DK,2021-Q4,136.4,DK2021-Q4
DK,2022-Q1,137.93,DK2022-Q1
DK,2022-Q2,139.03,DK2022-Q2
DK,2022-Q3,139.47,DK2022-Q3
DK,2022-Q4,140.0,DK2022-Q4
DK,2023-Q1,141.87,DK2023-Q1
DK,2023-Q2,142.9,DK2023-Q2
DK,2023-Q3,143.27,DK2023-Q3
DK,2023-Q4,143.67,DK2023-Q4
EA20,2010-Q1,108.92,EA202010-Q1
EA20,2010-Q2,109.36,EA202010-Q2
EA20,2010-Q3,109.98,EA202010-Q3
EA20,2010-Q4,109.96,EA202010-Q4
EA20,2011-Q1,110.38,EA202011-Q1
EA20,2011-Q2,110.83,EA202011-Q2
EA20,2011-Q3,111.46,EA202011-Q3
EA20,2011-Q4,111.54,EA202011-Q4
EA20,2012-Q1,111.96,EA202012-Q1
EA20,2012-Q2,112.45,EA202012-Q2
EA20,2012-Q3,113.1,EA202012-Q3
EA20,2012-Q4,113.2,EA202012-Q4
EA20,2013-Q1,113.62,EA202013-Q1
EA20,2013-Q2,113.99,EA202013-Q2
EA20,2013-Q3,114.82,EA202013-Q3
EA20,2013-Q4,114.77,EA202013-Q4
EA20,2014-Q1,115.17,EA202014-Q1
EA20,2014-Q2,115.61,EA202014-Q2
EA20,2014-Q3,116.36,EA202014-Q3
EA20,2014-Q4,116.41,EA202014-Q4
EA20,2015-Q1,116.72,EA202015-Q1
EA20,2015-Q2,117.01,EA202015-Q2
EA20,2015-Q3,117.44,EA202015-Q3
EA20,2015-Q4,117.6,EA202015-Q4
EA20,2016-Q1,117.89,EA202016-Q1
EA20,2016-Q2,118.17,EA202016-Q2
EA20,2016-Q3,118.67,EA202016-Q3
EA20,2016-Q4,119.01,EA202016-Q4
EA20,2017-Q1,119.35,EA202017-Q1
EA20,2017-Q2,119.69,EA202017-Q2
EA20,2017-Q3,120.11,EA202017-Q3
EA20,2017-Q4,120.43,EA202017-Q4
EA20,2018-Q1,120.86,EA202018-Q1
EA20,2018-Q2,121.13,EA202018-Q2
EA20,2018-Q3,121.43,EA202018-Q3
EA20,2018-Q4,121.79,EA202018-Q4
EA20,2019-Q1,122.26,EA202019-Q1
EA20,2019-Q2,122.66,EA202019-Q2
EA20,2019-Q3,123.24,EA202019-Q3
EA20,2019-Q4,123.59,EA202019-Q4
EA20,2020-Q1,124.02,EA202020-Q1
EA20,2020-Q2,124.23,EA202020-Q2
EA20,2020-Q3,124.73,EA202020-Q3
EA20,2020-Q4,125.06,EA202020-Q4
EA20,2021-Q1,125.49,EA202021-Q1
EA20,2021-Q2,125.82,EA202021-Q2
EA20,2021-Q3,126.16,EA202021-Q3
EA20,2021-Q4,126.49,EA202021-Q4
EA20,2022-Q1,126.98,EA202022-Q1
EA20,2022-Q2,127.64,EA202022-Q2
EA20,2022-Q3,128.5,EA202022-Q3
EA20,2022-Q4,129.2,EA202022-Q4
EA20,2023-Q1,130.2,EA202023-Q1
EA20,2023-Q2,131.04,EA202023-Q2
EA20,2023-Q3,132.01,EA202023-Q3
EA20,2023-Q4,132.72,EA202023-Q4
EE,2010-Q1,89.16,EE2010-Q1
EE,2010-Q2,87.82,EE2010-Q2
EE,2010-Q3,93.74,EE2010-Q3
EE,2010-Q4,98.61,EE2010-Q4
EE,2011-Q1,100.05,EE2011-Q1
EE,2011-Q2,105.74,EE2011-Q2
EE,2011-Q3,118.06,EE2011-Q3
EE,2011-Q4,125.45,EE2011-Q4
EE,2012-Q1,123.94,EE2012-Q1
EE,2012-Q2,132.25,EE2012-Q2
EE,2012-Q3,138.46,EE2012-Q3
EE,2012-Q4,137.06,EE2012-Q4
EE,2013-Q1,140.77,EE2013-Q1
EE,2013-Q2,147.97,EE2013-Q2
EE,2013-Q3,156.18,EE2013-Q3
EE,2013-Q4,161.87,EE2013-Q4
EE,2014-Q1,160.47,EE2014-Q1
EE,2014-Q2,165.24,EE2014-Q2
EE,2014-Q3,177.27,EE2014-Q3
EE,2014-Q4,170.29,EE2014-Q4
EE,2015-Q1,172.45,EE2015-Q1
EE,2015-Q2,179.08,EE2015-Q2
EE,2015-Q3,189.44,EE2015-Q3
EE,2015-Q4,181.58,EE2015-Q4
EE,2016-Q1,186.08,EE2016-Q1
EE,2016-Q2,190.12,EE2016-Q2
EE,2016-Q3,197.87,EE2016-Q3
EE,2016-Q4,195.31,EE2016-Q4
EE,2017-Q1,199.76,EE2017-Q1
EE,2017-Q2,199.28,EE2017-Q2
EE,2017-Q3,213.19,EE2017-Q3
EE,2017-Q4,213.53,EE2017-Q4
EE,2018-Q1,213.72,EE2018-Q1
EE,2018-Q2,219.01,EE2018-Q2
EE,2018-Q3,228.03,EE2018-Q3
EE,2018-Q4,223.14,EE2018-Q4
EE,2019-Q1,228.65,EE2019-Q1
EE,2019-Q2,235.26,EE2019-Q2
EE,2019-Q3,241.57,EE2019-Q3
EE,2019-Q4,238.78,EE2019-Q4
EE,2020-Q1,243.66,EE2020-Q1
EE,2020-Q2,217.74,EE2020-Q2
EE,2020-Q3,218.52,EE2020-Q3
EE,2020-Q4,224.87,EE2020-Q4
EE,2021-Q1,222.02,EE2021-Q1
EE,2021-Q2,223.82,EE2021-Q2
EE,2021-Q3,242.03,EE2021-Q3
EE,2021-Q4,250.61,EE2021-Q4
EE,2022-Q1,256.24,EE2022-Q1
EE,2022-Q2,289.99,EE2022-Q2
EE,2022-Q3,307.36,EE2022-Q3
EE,2022-Q4,292.13,EE2022-Q4
EE,2023-Q1,287.91,EE2023-Q1
EE,2023-Q2,284.45,EE2023-Q2
EE,2023-Q3,293.59,EE2023-Q3
EE,2023-Q4,283.19,EE2023-Q4
ES,2010-Q1,117.31,ES2010-Q1
ES,2010-Q2,118.79,ES2010-Q2
ES,2010-Q3,123.55,ES2010-Q3
ES,2010-Q4,118.83,ES2010-Q4
ES,2011-Q1,118.82,ES2011-Q1
ES,2011-Q2,120.4,ES2011-Q2
ES,2011-Q3,124.42,ES2011-Q3
ES,2011-Q4,119.9,ES2011-Q4
ES,2012-Q1,119.81,ES2012-Q1
ES,2012-Q2,121.17,ES2012-Q2
ES,2012-Q3,124.43,ES2012-Q3
ES,2012-Q4,120.51,ES2012-Q4
ES,2013-Q1,119.93,ES2013-Q1
ES,2013-Q2,121.13,ES2013-Q2
ES,2013-Q3,124.51,ES2013-Q3
ES,2013-Q4,119.96,ES2013-Q4
ES,2014-Q1,118.94,ES2014-Q1
ES,2014-Q2,120.54,ES2014-Q2
ES,2014-Q3,123.73,ES2014-Q3
ES,2014-Q4,119.35,ES2014-Q4
ES,2015-Q1,119.29,ES2015-Q1
ES,2015-Q2,119.1,ES2015-Q2
ES,2015-Q3,119.02,ES2015-Q3
ES,2015-Q4,118.92,ES2015-Q4
ES,2016-Q1,118.93,ES2016-Q1
ES,2016-Q2,119.01,ES2016-Q2
ES,2016-Q3,118.98,ES2016-Q3
ES,2016-Q4,118.99,ES2016-Q4
ES,2017-Q1,119.09,ES2017-Q1
ES,2017-Q2,119.3,ES2017-Q2
ES,2017-Q3,119.56,ES2017-Q3
ES,2017-Q4,119.92,ES2017-Q4
ES,2018-Q1,120.31,ES2018-Q1
ES,2018-Q2,120.75,ES2018-Q2
ES,2018-Q3,121.17,ES2018-Q3
ES,2018-Q4,121.69,ES2018-Q4
ES,2019-Q1,122.21,ES2019-Q1
ES,2019-Q2,122.65,ES2019-Q2
ES,2019-Q3,123.06,ES2019-Q3
ES,2019-Q4,123.46,ES2019-Q4
ES,2020-Q1,123.88,ES2020-Q1
ES,2020-Q2,124.09,ES2020-Q2
ES,2020-Q3,124.42,ES2020-Q3
ES,2020-Q4,124.59,ES2020-Q4
ES,2021-Q1,124.77,ES2021-Q1
ES,2021-Q2,124.89,ES2021-Q2
ES,2021-Q3,125.05,ES2021-Q3
ES,2021-Q4,125.23,ES2021-Q4
ES,2022-Q1,125.74,ES2022-Q1
ES,2022-Q2,126.44,ES2022-Q2
ES,2022-Q3,126.96,ES2022-Q3
ES,2022-Q4,127.51,ES2022-Q4
ES,2023-Q1,128.29,ES2023-Q1
ES,2023-Q2,129.05,ES2023-Q2
ES,2023-Q3,129.58,ES2023-Q3
ES,2023-Q4,130.13,ES2023-Q4
EU27_2020,2010-Q1,110.01,EU27_20202010-Q1
EU27_2020,2010-Q2,110.49,EU27_20202010-Q2
EU27_2020,2010-Q3,111.12,EU27_20202010-Q3
EU27_2020,2010-Q4,111.08,EU27_20202010-Q4
EU27_2020,2011-Q1,111.59,EU27_20202011-Q1
EU27_2020,2011-Q2,112.1,EU27_20202011-Q2
EU27_2020,2011-Q3,112.75,EU27_20202011-Q3
EU27_2020,2011-Q4,112.81,EU27_20202011-Q4
EU27_2020,2012-Q1,113.35,EU27_20202012-Q1
EU27_2020,2012-Q2,113.89,EU27_20202012-Q2
EU27_2020,2012-Q3,114.55,EU27_20202012-Q3
EU27_2020,2012-Q4,114.62,EU27_20202012-Q4
EU27_2020,2013-Q1,115.09,EU27_20202013-Q1
EU27_2020,2013-Q2,115.5,EU27_20202013-Q2
EU27_2020,2013-Q3,116.31,EU27_20202013-Q3
EU27_2020,2013-Q4,116.25,EU27_20202013-Q4
EU27_2020,2014-Q1,116.68,EU27_20202014-Q1
EU27_2020,2014-Q2,117.14,EU27_20202014-Q2
EU27_2020,2014-Q3,117.88,EU27_20202014-Q3
EU27_2020,2014-Q4,117.91,EU27_20202014-Q4
EU27_2020,2015-Q1,118.27,EU27_20202015-Q1
EU27_2020,2015-Q2,118.59,EU27_20202015-Q2
EU27_2020,2015-Q3,119.02,EU27_20202015-Q3
EU27_2020,2015-Q4,119.16,EU27_20202015-Q4
EU27_2020,2016-Q1,119.49,EU27_20202016-Q1
EU27_2020,2016-Q2,119.78,EU27_20202016-Q2
EU27_2020,2016-Q3,120.26,EU27_20202016-Q3
EU27_2020,2016-Q4,120.6,EU27_20202016-Q4
EU27_2020,2017-Q1,121.0,EU27_20202017-Q1
EU27_2020,2017-Q2,121.37,EU27_20202017-Q2
EU27_2020,2017-Q3,121.78,EU27_20202017-Q3
EU27_2020,2017-Q4,122.11,EU27_20202017-Q4
EU27_2020,2018-Q1,122.58,EU27_20202018-Q1
EU27_2020,2018-Q2,122.9,EU27_20202018-Q2
EU27_2020,2018-Q3,123.23,EU27_20202018-Q3
EU27_2020,2018-Q4,123.61,EU27_20202018-Q4
EU27_2020,2019-Q1,124.15,EU27_20202019-Q1
EU27_2020,2019-Q2,124.61,EU27_20202019-Q2
EU27_2020,2019-Q3,125.21,EU27_20202019-Q3
EU27_2020,2019-Q4,125.58,EU27_20202019-Q4
EU27_2020,2020-Q1,126.11,EU27_20202020-Q1
EU27_2020,2020-Q2,126.36,EU27_20202020-Q2
EU27_2020,2020-Q3,126.86,EU27_20202020-Q3
EU27_2020,2020-Q4,127.17,EU27_20202020-Q4
EU27_2020,2021-Q1,127.64,EU27_20202021-Q1
EU27_2020,2021-Q2,128.03,EU27_20202021-Q2
EU27_2020,2021-Q3,128.4,EU27_20202021-Q3
EU27_2020,2021-Q4,128.76,EU27_20202021-Q4
EU27_2020,2022-Q1,129.39,EU27_20202022-Q1
EU27_2020,2022-Q2,130.2,EU27_20202022-Q2
EU27_2020,2022-Q3,131.14,EU27_20202022-Q3
EU27_2020,2022-Q4,131.92,EU27_20202022-Q4
EU27_2020,2023-Q1,133.11,EU27_20202023-Q1
EU27_2020,2023-Q2,134.09,EU27_20202023-Q2
EU27_2020,2023-Q3,135.11,EU27_20202023-Q3
EU27_2020,2023-Q4,135.88,EU27_20202023-Q4
FI,2010-Q1,114.96,FI2010-Q1
FI,2010-Q2,115.28,FI2010-Q2
FI,2010-Q3,115.96,FI2010-Q3
FI,2010-Q4,116.02,FI2010-Q4
FI,2011-Q1,118.11,FI2011-Q1
FI,2011-Q2,119.15,FI2011-Q2
FI,2011-Q3,119.95,FI2011-Q3
FI,2011-Q4,120.64,FI2011-Q4
FI,2012-Q1,121.91,FI2012-Q1
FI,2012-Q2,123.73,FI2012-Q2
FI,2012-Q3,124.76,FI2012-Q3
FI,2012-Q4,125.02,FI2012-Q4
FI,2013-Q1,126.11,FI2013-Q1
FI,2013-Q2,127.2,FI2013-Q2
FI,2013-Q3,127.88,FI2013-Q3
FI,2013-Q4,128.63,FI2013-Q4
FI,2014-Q1,129.59,FI2014-Q1
FI,2014-Q2,131.13,FI2014-Q2
FI,2014-Q3,132.02,FI2014-Q3
FI,2014-Q4,132.9,FI2014-Q4
FI,2015-Q1,133.82,FI2015-Q1
FI,2015-Q2,135.11,FI2015-Q2
FI,2015-Q3,135.93,FI2015-Q3
FI,2015-Q4,136.52,FI2015-Q4
FI,2016-Q1,137.15,FI2016-Q1
FI,2016-Q2,138.23,FI2016-Q2
FI,2016-Q3,138.94,FI2016-Q3
FI,2016-Q4,139.46,FI2016-Q4
FI,2017-Q1,140.14,FI2017-Q1
FI,2017-Q2,141.08,FI2017-Q2
FI,2017-Q3,141.7,FI2017-Q3
FI,2017-Q4,142.2,FI2017-Q4
FI,2018-Q1,142.84,FI2018-Q1
FI,2018-Q2,143.69,FI2018-Q2
FI,2018-Q3,144.36,FI2018-Q3
FI,2018-Q4,144.88,FI2018-Q4
FI,2019-Q1,145.59,FI2019-Q1
FI,2019-Q2,146.61,FI2019-Q2
FI,2019-Q3,147.33,FI2019-Q3
FI,2019-Q4,147.84,FI2019-Q4
FI,2020-Q1,148.22,FI2020-Q1
FI,2020-Q2,148.85,FI2020-Q2
FI,2020-Q3,149.13,FI2020-Q3
FI,2020-Q4,149.34,FI2020-Q4
FI,2021-Q1,149.51,FI2021-Q1
FI,2021-Q2,150.11,FI2021-Q2
FI,2021-Q3,150.41,FI2021-Q3
FI,2021-Q4,150.45,FI2021-Q4
FI,2022-Q1,150.71,FI2022-Q1
FI,2022-Q2,151.52,FI2022-Q2
FI,2022-Q3,151.89,FI2022-Q3
FI,2022-Q4,152.33,FI2022-Q4
FI,2023-Q1,153.45,FI2023-Q1
FI,2023-Q2,154.42,FI2023-Q2
FI,2023-Q3,155.25,FI2023-Q3
FI,2023-Q4,155.83,FI2023-Q4
FR,2010-Q1,112.53,FR2010-Q1
FR,2010-Q2,113.01,FR2010-Q2
FR,2010-Q3,113.26,FR2010-Q3
FR,2010-Q4,113.49,FR2010-Q4
FR,2011-Q1,113.9,FR2011-Q1
FR,2011-Q2,114.26,FR2011-Q2
FR,2011-Q3,114.58,FR2011-Q3
FR,2011-Q4,114.9,FR2011-Q4
FR,2012-Q1,115.43,FR2012-Q1
FR,2012-Q2,116.15,FR2012-Q2
FR,2012-Q3,116.43,FR2012-Q3
FR,2012-Q4,116.87,FR2012-Q4
FR,2013-Q1,117.58,FR2013-Q1
FR,2013-Q2,117.93,FR2013-Q2
FR,2013-Q3,118.33,FR2013-Q3
FR,2013-Q4,118.49,FR2013-Q4
FR,2014-Q1,118.95,FR2014-Q1
FR,2014-Q2,119.23,FR2014-Q2
FR,2014-Q3,119.41,FR2014-Q3
FR,2014-Q4,119.63,FR2014-Q4
FR,2015-Q1,119.84,FR2015-Q1
FR,2015-Q2,120.03,FR2015-Q2
FR,2015-Q3,120.19,FR2015-Q3
FR,2015-Q4,120.26,FR2015-Q4
FR,2016-Q1,120.35,FR2016-Q1
FR,2016-Q2,120.44,FR2016-Q2
FR,2016-Q3,120.52,FR2016-Q3
FR,2016-Q4,120.57,FR2016-Q4
FR,2017-Q1,120.56,FR2017-Q1
FR,2017-Q2,120.68,FR2017-Q2
FR,2017-Q3,120.72,FR2017-Q3
FR,2017-Q4,120.83,FR2017-Q4
FR,2018-Q1,121.06,FR2018-Q1
FR,2018-Q2,120.79,FR2018-Q2
FR,2018-Q3,119.76,FR2018-Q3
FR,2018-Q4,119.91,FR2018-Q4
FR,2019-Q1,120.46,FR2019-Q1
FR,2019-Q2,120.85,FR2019-Q2
FR,2019-Q3,121.02,FR2019-Q3
FR,2019-Q4,121.19,FR2019-Q4
FR,2020-Q1,121.32,FR2020-Q1
FR,2020-Q2,121.28,FR2020-Q2
FR,2020-Q3,121.32,FR2020-Q3
FR,2020-Q4,121.48,FR2020-Q4
FR,2021-Q1,122.1,FR2021-Q1
FR,2021-Q2,122.4,FR2021-Q2
FR,2021-Q3,122.55,FR2021-Q3
FR,2021-Q4,122.47,FR2021-Q4
FR,2022-Q1,122.71,FR2022-Q1
FR,2022-Q2,123.06,FR2022-Q2
FR,2022-Q3,123.35,FR2022-Q3
FR,2022-Q4,123.7,FR2022-Q4
FR,2023-Q1,124.95,FR2023-Q1
FR,2023-Q2,125.75,FR2023-Q2
FR,2023-Q3,126.13,FR2023-Q3
FR,2023-Q4,126.47,FR2023-Q4
HR,2010-Q1,168.74,HR2010-Q1
HR,2010-Q2,171.26,HR2010-Q2
HR,2010-Q3,173.37,HR2010-Q3
HR,2010-Q4,173.42,HR2010-Q4
HR,2011-Q1,173.79,HR2011-Q1
HR,2011-Q2,173.75,HR2011-Q2
HR,2011-Q3,173.77,HR2011-Q3
HR,2011-Q4,173.77,HR2011-Q4
HR,2012-Q1,173.7,HR2012-Q1
HR,2012-Q2,173.68,HR2012-Q2
HR,2012-Q3,173.68,HR2012-Q3
HR,2012-Q4,173.62,HR2012-Q4
HR,2013-Q1,173.61,HR2013-Q1
HR,2013-Q2,173.71,HR2013-Q2
HR,2013-Q3,173.6,HR2013-Q3
HR,2013-Q4,173.63,HR2013-Q4
HR,2014-Q1,175.38,HR2014-Q1
HR,2014-Q2,175.1,HR2014-Q2
HR,2014-Q3,176.42,HR2014-Q3
HR,2014-Q4,178.26,HR2014-Q4
HR,2015-Q1,177.9,HR2015-Q1
HR,2015-Q2,177.04,HR2015-Q2
HR,2015-Q3,177.09,HR2015-Q3
HR,2015-Q4,177.37,HR2015-Q4
HR,2016-Q1,177.26,HR2016-Q1
HR,2016-Q2,175.75,HR2016-Q2
HR,2016-Q3,174.07,HR2016-Q3
HR,2016-Q4,174.67,HR2016-Q4
HR,2017-Q1,174.92,HR2017-Q1
HR,2017-Q2,174.38,HR2017-Q2
HR,2017-Q3,174.53,HR2017-Q3
HR,2017-Q4,175.92,HR2017-Q4
HR,2018-Q1,178.25,HR2018-Q1
HR,2018-Q2,178.97,HR2018-Q2
HR,2018-Q3,179.28,HR2018-Q3
HR,2018-Q4,181.2,HR2018-Q4
HR,2019-Q1,187.0,HR2019-Q1
HR,2019-Q2,187.49,HR2019-Q2
HR,2019-Q3,188.27,HR2019-Q3
HR,2019-Q4,189.85,HR2019-Q4
HR,2020-Q1,192.86,HR2020-Q1
HR,2020-Q2,193.01,HR2020-Q2
HR,2020-Q3,191.38,HR2020-Q3
HR,2020-Q4,191.76,HR2020-Q4
HR,2021-Q1,193.15,HR2021-Q1
HR,2021-Q2,192.42,HR2021-Q2
HR,2021-Q3,192.66,HR2021-Q3
HR,2021-Q4,194.3,HR2021-Q4
HR,2022-Q1,197.28,HR2022-Q1
HR,2022-Q2,198.05,HR2022-Q2
HR,2022-Q3,199.78,HR2022-Q3
HR,2022-Q4,201.95,HR2022-Q4
HR,2023-Q1,207.94,HR2023-Q1
HR,2023-Q2,210.35,HR2023-Q2
HR,2023-Q3,212.66,HR2023-Q3
HR,2023-Q4,216.2,HR2023-Q4
HU,2010-Q1,134.73,HU2010-Q1
HU,2010-Q2,134.89,HU2010-Q2
HU,2010-Q3,134.94,HU2010-Q3
HU,2010-Q4,135.27,HU2010-Q4
HU,2011-Q1,135.76,HU2011-Q1
HU,2011-Q2,137.37,HU2011-Q2
HU,2011-Q3,138.31,HU2011-Q3
HU,2011-Q4,138.43,HU2011-Q4
HU,2012-Q1,141.35,HU2012-Q1
HU,2012-Q2,142.58,HU2012-Q2
HU,2012-Q3,143.27,HU2012-Q3
HU,2012-Q4,143.71,HU2012-Q4
HU,2013-Q1,144.79,HU2013-Q1
HU,2013-Q2,145.3,HU2013-Q2
HU,2013-Q3,146.11,HU2013-Q3
HU,2013-Q4,146.37,HU2013-Q4
HU,2014-Q1,147.07,HU2014-Q1
HU,2014-Q2,145.79,HU2014-Q2
HU,2014-Q3,145.48,HU2014-Q3
HU,2014-Q4,145.99,HU2014-Q4
HU,2015-Q1,146.34,HU2015-Q1
HU,2015-Q2,147.25,HU2015-Q2
HU,2015-Q3,149.89,HU2015-Q3
HU,2015-Q4,152.67,HU2015-Q4
HU,2016-Q1,155.23,HU2016-Q1
HU,2016-Q2,156.52,HU2016-Q2
HU,2016-Q3,157.76,HU2016-Q3
HU,2016-Q4,157.76,HU2016-Q4
HU,2017-Q1,158.84,HU2017-Q1
HU,2017-Q2,160.64,HU2017-Q2
HU,2017-Q3,162.89,HU2017-Q3
HU,2017-Q4,163.99,HU2017-Q4
HU,2018-Q1,166.73,HU2018-Q1
HU,2018-Q2,168.03,HU2018-Q2
HU,2018-Q3,170.88,HU2018-Q3
HU,2018-Q4,173.37,HU2018-Q4
HU,2019-Q1,179.16,HU2019-Q1
HU,2019-Q2,183.81,HU2019-Q2
HU,2019-Q3,188.27,HU2019-Q3
HU,2019-Q4,191.57,HU2019-Q4
HU,2020-Q1,196.39,HU2020-Q1
HU,2020-Q2,192.61,HU2020-Q2
HU,2020-Q3,193.19,HU2020-Q3
HU,2020-Q4,192.4,HU2020-Q4
HU,2021-Q1,193.6,HU2021-Q1
HU,2021-Q2,194.87,HU2021-Q2
HU,2021-Q3,198.41,HU2021-Q3
HU,2021-Q4,202.25,HU2021-Q4
HU,2022-Q1,206.98,HU2022-Q1
HU,2022-Q2,212.62,HU2022-Q2
HU,2022-Q3,222.22,HU2022-Q3
HU,2022-Q4,230.54,HU2022-Q4
HU,2023-Q1,236.34,HU2023-Q1
HU,2023-Q2,243.18,HU2023-Q2
HU,2023-Q3,253.14,HU2023-Q3
HU,2023-Q4,259.83,HU2023-Q4
IE,2010-Q1,99.8,IE2010-Q1
IE,2010-Q2,100.17,IE2010-Q2
IE,2010-Q3,99.9,IE2010-Q3
IE,2010-Q4,98.87,IE2010-Q4
IE,2011-Q1,99.07,IE2011-Q1
IE,2011-Q2,99.4,IE2011-Q2
IE,2011-Q3,99.6,IE2011-Q3
IE,2011-Q4,100.73,IE2011-Q4
IE,2012-Q1,101.1,IE2012-Q1
IE,2012-Q2,100.73,IE2012-Q2
IE,2012-Q3,100.97,IE2012-Q3
IE,2012-Q4,102.53,IE2012-Q4
IE,2013-Q1,103.47,IE2013-Q1
IE,2013-Q2,105.87,IE2013-Q2
IE,2013-Q3,107.8,IE2013-Q3
IE,2013-Q4,110.27,IE2013-Q4
IE,2014-Q1,112.97,IE2014-Q1
IE,2014-Q2,114.53,IE2014-Q2
IE,2014-Q3,116.1,IE2014-Q3
IE,2014-Q4,118.47,IE2014-Q4
IE,2015-Q1,121.4,IE2015-Q1
IE,2015-Q2,123.33,IE2015-Q2
IE,2015-Q3,126.4,IE2015-Q3
IE,2015-Q4,128.67,IE2015-Q4
IE,2016-Q1,131.47,IE2016-Q1
IE,2016-Q2,134.13,IE2016-Q2
IE,2016-Q3,137.33,IE2016-Q3
IE,2016-Q4,140.3,IE2016-Q4
IE,2017-Q1,141.5,IE2017-Q1
IE,2017-Q2,143.27,IE2017-Q2
IE,2017-Q3,146.17,IE2017-Q3
IE,2017-Q4,148.5,IE2017-Q4
IE,2018-Q1,150.63,IE2018-Q1
IE,2018-Q2,153.07,IE2018-Q2
IE,2018-Q3,155.0,IE2018-Q3
IE,2018-Q4,157.87,IE2018-Q4
IE,2019-Q1,159.37,IE2019-Q1
IE,2019-Q2,161.17,IE2019-Q2
IE,2019-Q3,163.57,IE2019-Q3
IE,2019-Q4,165.3,IE2019-Q4
IE,2020-Q1,165.57,IE2020-Q1
IE,2020-Q2,161.83,IE2020-Q2
IE,2020-Q3,161.67,IE2020-Q3
IE,2020-Q4,161.37,IE2020-Q4
IE,2021-Q1,162.83,IE2021-Q1
IE,2021-Q2,165.07,IE2021-Q2
IE,2021-Q3,167.57,IE2021-Q3
IE,2021-Q4,173.13,IE2021-Q4
IE,2022-Q1,176.2,IE2022-Q1
IE,2022-Q2,181.53,IE2022-Q2
IE,2022-Q3,186.63,IE2022-Q3
IE,2022-Q4,189.67,IE2022-Q4
IE,2023-Q1,192.4,IE2023-Q1
IE,2023-Q2,195.03,IE2023-Q2
IE,2023-Q3,199.17,IE2023-Q3
IE,2023-Q4,201.73,IE2023-Q4
IT,2010-Q1,112.5,IT2010-Q1
IT,2010-Q2,112.8,IT2010-Q2
IT,2010-Q3,113.2,IT2010-Q3
IT,2010-Q4,113.6,IT2010-Q4
IT,2011-Q1,114.2,IT2011-Q1
IT,2011-Q2,114.73,IT2011-Q2
IT,2011-Q3,114.9,IT2011-Q3
IT,2011-Q4,115.63,IT2011-Q4
IT,2012-Q1,116.6,IT2012-Q1
IT,2012-Q2,117.27,IT2012-Q2
IT,2012-Q3,117.63,IT2012-Q3
IT,2012-Q4,118.17,IT2012-Q4
IT,2013-Q1,118.57,IT2013-Q1
IT,2013-Q2,119.03,IT2013-Q2
IT,2013-Q3,119.3,IT2013-Q3
IT,2013-Q4,118.73,IT2013-Q4
IT,2014-Q1,118.53,IT2014-Q1
IT,2014-Q2,118.5,IT2014-Q2
IT,2014-Q3,118.57,IT2014-Q3
IT,2014-Q4,118.6,IT2014-Q4
IT,2015-Q1,118.67,IT2015-Q1
IT,2015-Q2,118.7,IT2015-Q2
IT,2015-Q3,118.7,IT2015-Q3
IT,2015-Q4,118.8,IT2015-Q4
IT,2016-Q1,118.97,IT2016-Q1
IT,2016-Q2,119.1,IT2016-Q2
IT,2016-Q3,119.13,IT2016-Q3
IT,2016-Q4,119.03,IT2016-Q4
IT,2017-Q1,119.13,IT2017-Q1
IT,2017-Q2,119.27,IT2017-Q2
IT,2017-Q3,119.27,IT2017-Q3
IT,2017-Q4,119.43,IT2017-Q4
IT,2018-Q1,119.53,IT2018-Q1
IT,2018-Q2,119.67,IT2018-Q2
IT,2018-Q3,119.83,IT2018-Q3
IT,2018-Q4,119.97,IT2018-Q4
IT,2019-Q1,119.97,IT2019-Q1
IT,2019-Q2,119.93,IT2019-Q2
IT,2019-Q3,120.1,IT2019-Q3
IT,2019-Q4,120.3,IT2019-Q4
IT,2020-Q1,120.4,IT2020-Q1
IT,2020-Q2,120.37,IT2020-Q2
IT,2020-Q3,120.4,IT2020-Q3
IT,2020-Q4,120.37,IT2020-Q4
IT,2021-Q1,120.27,IT2021-Q1
IT,2021-Q2,120.3,IT2021-Q2
IT,2021-Q3,120.43,IT2021-Q3
IT,2021-Q4,120.6,IT2021-Q4
IT,2022-Q1,121.0,IT2022-Q1
IT,2022-Q2,121.43,IT2022-Q2
IT,2022-Q3,121.87,IT2022-Q3
IT,2022-Q4,122.8,IT2022-Q4
IT,2023-Q1,123.4,IT2023-Q1
IT,2023-Q2,124.3,IT2023-Q2
IT,2023-Q3,125.27,IT2023-Q3
IT,2023-Q4,126.13,IT2023-Q4
LT,2010-Q1,148.26,LT2010-Q1
LT,2010-Q2,150.44,LT2010-Q2
LT,2010-Q3,159.32,LT2010-Q3
LT,2010-Q4,155.17,LT2010-Q4
LT,2011-Q1,151.63,LT2011-Q1
LT,2011-Q2,158.65,LT2011-Q2
LT,2011-Q3,160.0,LT2011-Q3
LT,2011-Q4,157.07,LT2011-Q4
LT,2012-Q1,162.36,LT2012-Q1
LT,2012-Q2,169.11,LT2012-Q2
LT,2012-Q3,180.29,LT2012-Q3
LT,2012-Q4,179.7,LT2012-Q4
LT,2013-Q1,172.08,LT2013-Q1
LT,2013-Q2,180.11,LT2013-Q2
LT,2013-Q3,193.17,LT2013-Q3
LT,2013-Q4,191.08,LT2013-Q4
LT,2014-Q1,191.0,LT2014-Q1
LT,2014-Q2,203.93,LT2014-Q2
LT,2014-Q3,215.64,LT2014-Q3
LT,2014-Q4,216.41,LT2014-Q4
LT,2015-Q1,219.54,LT2015-Q1
LT,2015-Q2,239.12,LT2015-Q2
LT,2015-Q3,262.42,LT2015-Q3
LT,2015-Q4,257.88,LT2015-Q4
LT,2016-Q1,264.14,LT2016-Q1
LT,2016-Q2,269.65,LT2016-Q2
LT,2016-Q3,274.76,LT2016-Q3
LT,2016-Q4,271.68,LT2016-Q4
LT,2017-Q1,267.55,LT2017-Q1
LT,2017-Q2,266.98,LT2017-Q2
LT,2017-Q3,272.6,LT2017-Q3
LT,2017-Q4,276.55,LT2017-Q4
LT,2018-Q1,280.03,LT2018-Q1
LT,2018-Q2,284.31,LT2018-Q2
LT,2018-Q3,288.84,LT2018-Q3
LT,2018-Q4,293.06,LT2018-Q4
LT,2019-Q1,299.84,LT2019-Q1
LT,2019-Q2,308.25,LT2019-Q2
LT,2019-Q3,313.01,LT2019-Q3
LT,2019-Q4,313.09,LT2019-Q4
LT,2020-Q1,314.07,LT2020-Q1
LT,2020-Q2,314.85,LT2020-Q2
LT,2020-Q3,317.22,LT2020-Q3
LT,2020-Q4,320.76,LT2020-Q4
LT,2021-Q1,319.77,LT2021-Q1
LT,2021-Q2,320.58,LT2021-Q2
LT,2021-Q3,323.48,LT2021-Q3
LT,2021-Q4,325.93,LT2021-Q4
LT,2022-Q1,347.58,LT2022-Q1
LT,2022-Q2,366.49,LT2022-Q2
LT,2022-Q3,385.02,LT2022-Q3
LT,2022-Q4,398.88,LT2022-Q4
LT,2023-Q1,405.58,LT2023-Q1
LT,2023-Q2,410.94,LT2023-Q2
LT,2023-Q3,413.98,LT2023-Q3
LT,2023-Q4,416.23,LT2023-Q4
LU,2010-Q1,111.4,LU2010-Q1
LU,2010-Q2,111.72,LU2010-Q2
LU,2010-Q3,112.05,LU2010-Q3
LU,2010-Q4,112.41,LU2010-Q4
LU,2011-Q1,113.28,LU2011-Q1
LU,2011-Q2,113.88,LU2011-Q2
LU,2011-Q3,114.32,LU2011-Q3
LU,2011-Q4,114.66,LU2011-Q4
LU,2012-Q1,114.89,LU2012-Q1
LU,2012-Q2,115.39,LU2012-Q2
LU,2012-Q3,115.9,LU2012-Q3
LU,2012-Q4,116.04,LU2012-Q4
LU,2013-Q1,116.41,LU2013-Q1
LU,2013-Q2,116.97,LU2013-Q2
LU,2013-Q3,117.53,LU2013-Q3
LU,2013-Q4,117.75,LU2013-Q4
LU,2014-Q1,118.0,LU2014-Q1
LU,2014-Q2,118.15,LU2014-Q2
LU,2014-Q3,118.33,LU2014-Q3
LU,2014-Q4,118.69,LU2014-Q4
LU,2015-Q1,119.31,LU2015-Q1
LU,2015-Q2,120.17,LU2015-Q2
LU,2015-Q3,120.71,LU2015-Q3
LU,2015-Q4,120.8,LU2015-Q4
LU,2016-Q1,120.99,LU2016-Q1
LU,2016-Q2,121.23,LU2016-Q2
LU,2016-Q3,121.29,LU2016-Q3
LU,2016-Q4,121.57,LU2016-Q4
LU,2017-Q1,122.07,LU2017-Q1
LU,2017-Q2,122.6,LU2017-Q2
LU,2017-Q3,122.81,LU2017-Q3
LU,2017-Q4,123.27,LU2017-Q4
LU,2018-Q1,123.69,LU2018-Q1
LU,2018-Q2,123.85,LU2018-Q2
LU,2018-Q3,124.54,LU2018-Q3
LU,2018-Q4,124.87,LU2018-Q4
LU,2019-Q1,125.3,LU2019-Q1
LU,2019-Q2,125.87,LU2019-Q2
LU,2019-Q3,125.89,LU2019-Q3
LU,2019-Q4,126.59,LU2019-Q4
LU,2020-Q1,126.94,LU2020-Q1
LU,2020-Q2,127.17,LU2020-Q2
LU,2020-Q3,127.36,LU2020-Q3
LU,2020-Q4,127.66,LU2020-Q4
LU,2021-Q1,128.16,LU2021-Q1
LU,2021-Q2,128.91,LU2021-Q2
LU,2021-Q3,129.39,LU2021-Q3
LU,2021-Q4,129.69,LU2021-Q4
LU,2022-Q1,130.43,LU2022-Q1
LU,2022-Q2,130.9,LU2022-Q2
LU,2022-Q3,131.58,LU2022-Q3
LU,2022-Q4,132.22,LU2022-Q4
LU,2023-Q1,132.7,LU2023-Q1
LU,2023-Q2,133.44,LU2023-Q2
LU,2023-Q3,133.81,LU2023-Q3
LU,2023-Q4,134.24,LU2023-Q4
LV,2010-Q1,119.69,LV2010-Q1
LV,2010-Q2,120.67,LV2010-Q2
LV,2010-Q3,121.08,LV2010-Q3
LV,2010-Q4,126.43,LV2010-Q4
LV,2011-Q1,126.84,LV2011-Q1
LV,2011-Q2,126.42,LV2011-Q2
LV,2011-Q3,128.97,LV2011-Q3
LV,2011-Q4,132.97,LV2011-Q4
LV,2012-Q1,135.19,LV2012-Q1
LV,2012-Q2,138.98,LV2012-Q2
LV,2012-Q3,144.19,LV2012-Q3
LV,2012-Q4,146.08,LV2012-Q4
LV,2013-Q1,145.94,LV2013-Q1
LV,2013-Q2,147.15,LV2013-Q2
LV,2013-Q3,150.42,LV2013-Q3
LV,2013-Q4,152.81,LV2013-Q4
LV,2014-Q1,154.88,LV2014-Q1
LV,2014-Q2,154.9,LV2014-Q2
LV,2014-Q3,158.62,LV2014-Q3
LV,2014-Q4,157.43,LV2014-Q4
LV,2015-Q1,155.34,LV2015-Q1
LV,2015-Q2,157.17,LV2015-Q2
LV,2015-Q3,161.34,LV2015-Q3
LV,2015-Q4,156.63,LV2015-Q4
LV,2016-Q1,155.5,LV2016-Q1
LV,2016-Q2,155.53,LV2016-Q2
LV,2016-Q3,156.52,LV2016-Q3
LV,2016-Q4,154.22,LV2016-Q4
LV,2017-Q1,153.53,LV2017-Q1
LV,2017-Q2,153.81,LV2017-Q2
LV,2017-Q3,157.47,LV2017-Q3
LV,2017-Q4,154.78,LV2017-Q4
LV,2018-Q1,156.4,LV2018-Q1
LV,2018-Q2,157.64,LV2018-Q2
LV,2018-Q3,166.11,LV2018-Q3
LV,2018-Q4,165.27,LV2018-Q4
LV,2019-Q1,165.42,LV2019-Q1
LV,2019-Q2,166.96,LV2019-Q2
LV,2019-Q3,172.78,LV2019-Q3
LV,2019-Q4,170.2,LV2019-Q4
LV,2020-Q1,172.33,LV2020-Q1
LV,2020-Q2,158.68,LV2020-Q2
LV,2020-Q3,165.37,LV2020-Q3
LV,2020-Q4,164.42,LV2020-Q4
LV,2021-Q1,163.69,LV2021-Q1
LV,2021-Q2,165.87,LV2021-Q2
LV,2021-Q3,170.56,LV2021-Q3
LV,2021-Q4,171.09,LV2021-Q4
LV,2022-Q1,168.39,LV2022-Q1
LV,2022-Q2,175.5,LV2022-Q2
LV,2022-Q3,179.33,LV2022-Q3
LV,2022-Q4,167.68,LV2022-Q4
LV,2023-Q1,168.07,LV2023-Q1
LV,2023-Q2,176.94,LV2023-Q2
LV,2023-Q3,183.42,LV2023-Q3
LV,2023-Q4,182.34,LV2023-Q4
MT,2010-Q1,113.54,MT2010-Q1
MT,2010-Q2,113.64,MT2010-Q2
MT,2010-Q3,113.9,MT2010-Q3
MT,2010-Q4,114.01,MT2010-Q4
MT,2011-Q1,114.45,MT2011-Q1
MT,2011-Q2,116.61,MT2011-Q2
MT,2011-Q3,117.93,MT2011-Q3
MT,2011-Q4,117.99,MT2011-Q4
MT,2012-Q1,118.09,MT2012-Q1
MT,2012-Q2,118.03,MT2012-Q2
MT,2012-Q3,118.11,MT2012-Q3
MT,2012-Q4,118.22,MT2012-Q4
MT,2013-Q1,118.4,MT2013-Q1
MT,2013-Q2,118.46,MT2013-Q2
MT,2013-Q3,118.48,MT2013-Q3
MT,2013-Q4,118.62,MT2013-Q4
MT,2014-Q1,118.78,MT2014-Q1
MT,2014-Q2,118.82,MT2014-Q2
MT,2014-Q3,118.84,MT2014-Q3
MT,2014-Q4,118.86,MT2014-Q4
MT,2015-Q1,119.81,MT2015-Q1
MT,2015-Q2,121.56,MT2015-Q2
MT,2015-Q3,122.66,MT2015-Q3
MT,2015-Q4,123.25,MT2015-Q4
MT,2016-Q1,127.01,MT2016-Q1
MT,2016-Q2,127.08,MT2016-Q2
MT,2016-Q3,127.24,MT2016-Q3
MT,2016-Q4,127.43,MT2016-Q4
MT,2017-Q1,127.66,MT2017-Q1
MT,2017-Q2,127.74,MT2017-Q2
MT,2017-Q3,127.84,MT2017-Q3
MT,2017-Q4,127.93,MT2017-Q4
MT,2018-Q1,128.67,MT2018-Q1
MT,2018-Q2,129.66,MT2018-Q2
MT,2018-Q3,130.31,MT2018-Q3
MT,2018-Q4,131.15,MT2018-Q4
MT,2019-Q1,132.32,MT2019-Q1
MT,2019-Q2,133.97,MT2019-Q2
MT,2019-Q3,135.79,MT2019-Q3
MT,2019-Q4,139.15,MT2019-Q4
MT,2020-Q1,140.43,MT2020-Q1
MT,2020-Q2,140.59,MT2020-Q2
MT,2020-Q3,141.45,MT2020-Q3
MT,2020-Q4,140.62,MT2020-Q4
MT,2021-Q1,140.34,MT2021-Q1
MT,2021-Q2,136.31,MT2021-Q2
MT,2021-Q3,138.21,MT2021-Q3
MT,2021-Q4,140.46,MT2021-Q4
MT,2022-Q1,142.49,MT2022-Q1
MT,2022-Q2,144.36,MT2022-Q2
MT,2022-Q3,147.21,MT2022-Q3
MT,2022-Q4,150.93,MT2022-Q4
MT,2023-Q1,156.52,MT2023-Q1
MT,2023-Q2,165.43,MT2023-Q2
MT,2023-Q3,174.08,MT2023-Q3
MT,2023-Q4,177.85,MT2023-Q4
NL,2010-Q1,110.21,NL2010-Q1
NL,2010-Q2,110.21,NL2010-Q2
NL,2010-Q3,112.03,NL2010-Q3
NL,2010-Q4,112.03,NL2010-Q4
NL,2011-Q1,112.03,NL2011-Q1
NL,2011-Q2,112.03,NL2011-Q2
NL,2011-Q3,114.02,NL2011-Q3
NL,2011-Q4,114.02,NL2011-Q4
NL,2012-Q1,114.02,NL2012-Q1
NL,2012-Q2,114.02,NL2012-Q2
NL,2012-Q3,117.25,NL2012-Q3
NL,2012-Q4,117.25,NL2012-Q4
NL,2013-Q1,117.25,NL2013-Q1
NL,2013-Q2,117.25,NL2013-Q2
NL,2013-Q3,122.69,NL2013-Q3
NL,2013-Q4,122.69,NL2013-Q4
NL,2014-Q1,122.69,NL2014-Q1
NL,2014-Q2,122.69,NL2014-Q2
NL,2014-Q3,128.02,NL2014-Q3
NL,2014-Q4,128.02,NL2014-Q4
NL,2015-Q1,128.02,NL2015-Q1
NL,2015-Q2,128.02,NL2015-Q2
NL,2015-Q3,131.07,NL2015-Q3
NL,2015-Q4,130.86,NL2015-Q4
NL,2016-Q1,130.86,NL2016-Q1
NL,2016-Q2,130.86,NL2016-Q2
NL,2016-Q3,133.51,NL2016-Q3
NL,2016-Q4,133.51,NL2016-Q4
NL,2017-Q1,133.51,NL2017-Q1
NL,2017-Q2,133.51,NL2017-Q2
NL,2017-Q3,135.63,NL2017-Q3
NL,2017-Q4,135.63,NL2017-Q4
NL,2018-Q1,135.63,NL2018-Q1
NL,2018-Q2,135.63,NL2018-Q2
NL,2018-Q3,138.75,NL2018-Q3
NL,2018-Q4,138.8,NL2018-Q4
NL,2019-Q1,138.8,NL2019-Q1
NL,2019-Q2,138.8,NL2019-Q2
NL,2019-Q3,142.32,NL2019-Q3
NL,2019-Q4,142.32,NL2019-Q4
NL,2020-Q1,142.32,NL2020-Q1
NL,2020-Q2,142.32,NL2020-Q2
NL,2020-Q3,146.42,NL2020-Q3
NL,2020-Q4,146.5,NL2020-Q4
NL,2021-Q1,146.5,NL2021-Q1
NL,2021-Q2,146.5,NL2021-Q2
NL,2021-Q3,147.61,NL2021-Q3
NL,2021-Q4,147.61,NL2021-Q4
NL,2022-Q1,147.61,NL2022-Q1
NL,2022-Q2,147.61,NL2022-Q2
NL,2022-Q3,151.98,NL2022-Q3
NL,2022-Q4,151.98,NL2022-Q4
NL,2023-Q1,151.98,NL2023-Q1
NL,2023-Q2,151.98,NL2023-Q2
NL,2023-Q3,154.99,NL2023-Q3
NL,2023-Q4,154.99,NL2023-Q4
NO,2010-Q1,113.6,NO2010-Q1
NO,2010-Q2,113.9,NO2010-Q2
NO,2010-Q3,114.4,NO2010-Q3
NO,2010-Q4,114.97,NO2010-Q4
NO,2011-Q1,116.2,NO2011-Q1
NO,2011-Q2,116.5,NO2011-Q2
NO,2011-Q3,117.03,NO2011-Q3
NO,2011-Q4,117.5,NO2011-Q4
NO,2012-Q1,118.3,NO2012-Q1
NO,2012-Q2,118.7,NO2012-Q2
NO,2012-Q3,119.23,NO2012-Q3
NO,2012-Q4,119.9,NO2012-Q4
NO,2013-Q1,121.5,NO2013-Q1
NO,2013-Q2,122.33,NO2013-Q2
NO,2013-Q3,123.13,NO2013-Q3
NO,2013-Q4,123.93,NO2013-Q4
NO,2014-Q1,124.83,NO2014-Q1
NO,2014-Q2,125.6,NO2014-Q2
NO,2014-Q3,126.53,NO2014-Q3
NO,2014-Q4,127.2,NO2014-Q4
NO,2015-Q1,128.63,NO2015-Q1
NO,2015-Q2,129.3,NO2015-Q2
NO,2015-Q3,130.0,NO2015-Q3
NO,2015-Q4,130.27,NO2015-Q4
NO,2016-Q1,131.17,NO2016-Q1
NO,2016-Q2,131.77,NO2016-Q2
NO,2016-Q3,132.4,NO2016-Q3
NO,2016-Q4,132.9,NO2016-Q4
NO,2017-Q1,134.17,NO2017-Q1
NO,2017-Q2,134.6,NO2017-Q2
NO,2017-Q3,135.03,NO2017-Q3
NO,2017-Q4,135.5,NO2017-Q4
NO,2018-Q1,136.47,NO2018-Q1
NO,2018-Q2,137.0,NO2018-Q2
NO,2018-Q3,137.4,NO2018-Q3
NO,2018-Q4,137.8,NO2018-Q4
NO,2019-Q1,138.87,NO2019-Q1
NO,2019-Q2,139.4,NO2019-Q2
NO,2019-Q3,139.87,NO2019-Q3
NO,2019-Q4,140.53,NO2019-Q4
NO,2020-Q1,141.43,NO2020-Q1
NO,2020-Q2,141.4,NO2020-Q2
NO,2020-Q3,141.83,NO2020-Q3
NO,2020-Q4,142.4,NO2020-Q4
NO,2021-Q1,142.97,NO2021-Q1
NO,2021-Q2,143.2,NO2021-Q2
NO,2021-Q3,143.73,NO2021-Q3
NO,2021-Q4,144.33,NO2021-Q4
NO,2022-Q1,145.5,NO2022-Q1
NO,2022-Q2,145.93,NO2022-Q2
NO,2022-Q3,147.1,NO2022-Q3
NO,2022-Q4,148.03,NO2022-Q4
NO,2023-Q1,150.4,NO2023-Q1
NO,2023-Q2,151.77,NO2023-Q2
NO,2023-Q3,153.27,NO2023-Q3
NO,2023-Q4,154.67,NO2023-Q4
PL,2010-Q1,123.4,PL2010-Q1
PL,2010-Q2,124.53,PL2010-Q2
PL,2010-Q3,125.07,PL2010-Q3
PL,2010-Q4,125.57,PL2010-Q4
PL,2011-Q1,127.07,PL2011-Q1
PL,2011-Q2,128.03,PL2011-Q2
PL,2011-Q3,128.7,PL2011-Q3
PL,2011-Q4,129.5,PL2011-Q4
PL,2012-Q1,130.63,PL2012-Q1
PL,2012-Q2,131.47,PL2012-Q2
PL,2012-Q3,131.83,PL2012-Q3
PL,2012-Q4,132.3,PL2012-Q4
PL,2013-Q1,133.0,PL2013-Q1
PL,2013-Q2,133.4,PL2013-Q2
PL,2013-Q3,133.73,PL2013-Q3
PL,2013-Q4,133.93,PL2013-Q4
PL,2014-Q1,134.6,PL2014-Q1
PL,2014-Q2,134.97,PL2014-Q2
PL,2014-Q3,135.33,PL2014-Q3
PL,2014-Q4,135.67,PL2014-Q4
PL,2015-Q1,136.2,PL2015-Q1
PL,2015-Q2,136.8,PL2015-Q2
PL,2015-Q3,137.27,PL2015-Q3
PL,2015-Q4,137.7,PL2015-Q4
PL,2016-Q1,138.13,PL2016-Q1
PL,2016-Q2,138.6,PL2016-Q2
PL,2016-Q3,138.97,PL2016-Q3
PL,2016-Q4,139.43,PL2016-Q4
PL,2017-Q1,141.43,PL2017-Q1
PL,2017-Q2,142.7,PL2017-Q2
PL,2017-Q3,143.4,PL2017-Q3
PL,2017-Q4,144.57,PL2017-Q4
PL,2018-Q1,145.87,PL2018-Q1
PL,2018-Q2,147.77,PL2018-Q2
PL,2018-Q3,149.1,PL2018-Q3
PL,2018-Q4,150.67,PL2018-Q4
PL,2019-Q1,152.9,PL2019-Q1
PL,2019-Q2,154.43,PL2019-Q2
PL,2019-Q3,156.5,PL2019-Q3
PL,2019-Q4,158.6,PL2019-Q4
PL,2020-Q1,162.6,PL2020-Q1
PL,2020-Q2,163.37,PL2020-Q2
PL,2020-Q3,164.5,PL2020-Q3
PL,2020-Q4,165.33,PL2020-Q4
PL,2021-Q1,167.1,PL2021-Q1
PL,2021-Q2,169.03,PL2021-Q2
PL,2021-Q3,171.13,PL2021-Q3
PL,2021-Q4,174.03,PL2021-Q4
PL,2022-Q1,181.27,PL2022-Q1
PL,2022-Q2,191.77,PL2022-Q2
PL,2022-Q3,199.43,PL2022-Q3
PL,2022-Q4,205.8,PL2022-Q4
PL,2023-Q1,213.1,PL2023-Q1
PL,2023-Q2,215.7,PL2023-Q2
PL,2023-Q3,217.77,PL2023-Q3
PL,2023-Q4,221.47,PL2023-Q4
PT,2010-Q1,113.11,PT2010-Q1
PT,2010-Q2,113.93,PT2010-Q2
PT,2010-Q3,113.92,PT2010-Q3
PT,2010-Q4,113.92,PT2010-Q4
PT,2011-Q1,114.28,PT2011-Q1
PT,2011-Q2,114.91,PT2011-Q2
PT,2011-Q3,114.94,PT2011-Q3
PT,2011-Q4,115.01,PT2011-Q4
PT,2012-Q1,116.05,PT2012-Q1
PT,2012-Q2,117.08,PT2012-Q2
PT,2012-Q3,117.47,PT2012-Q3
PT,2012-Q4,117.73,PT2012-Q4
PT,2013-Q1,118.4,PT2013-Q1
PT,2013-Q2,118.63,PT2013-Q2
PT,2013-Q3,118.56,PT2013-Q3
PT,2013-Q4,118.58,PT2013-Q4
PT,2014-Q1,123.53,PT2014-Q1
PT,2014-Q2,123.71,PT2014-Q2
PT,2014-Q3,123.81,PT2014-Q3
PT,2014-Q4,124.12,PT2014-Q4
PT,2015-Q1,125.02,PT2015-Q1
PT,2015-Q2,124.93,PT2015-Q2
PT,2015-Q3,125.22,PT2015-Q3
PT,2015-Q4,125.46,PT2015-Q4
PT,2016-Q1,126.61,PT2016-Q1
PT,2016-Q2,127.09,PT2016-Q2
PT,2016-Q3,127.3,PT2016-Q3
PT,2016-Q4,128.16,PT2016-Q4
PT,2017-Q1,128.42,PT2017-Q1
PT,2017-Q2,128.31,PT2017-Q2
PT,2017-Q3,128.57,PT2017-Q3
PT,2017-Q4,128.93,PT2017-Q4
PT,2018-Q1,129.66,PT2018-Q1
PT,2018-Q2,130.51,PT2018-Q2
PT,2018-Q3,131.41,PT2018-Q3
PT,2018-Q4,132.35,PT2018-Q4
PT,2019-Q1,133.47,PT2019-Q1
PT,2019-Q2,134.57,PT2019-Q2
PT,2019-Q3,135.67,PT2019-Q3
PT,2019-Q4,136.81,PT2019-Q4
PT,2020-Q1,137.9,PT2020-Q1
PT,2020-Q2,138.23,PT2020-Q2
PT,2020-Q3,138.77,PT2020-Q3
PT,2020-Q4,139.59,PT2020-Q4
PT,2021-Q1,140.16,PT2021-Q1
PT,2021-Q2,140.66,PT2021-Q2
PT,2021-Q3,141.41,PT2021-Q3
PT,2021-Q4,142.25,PT2021-Q4
PT,2022-Q1,143.18,PT2022-Q1
PT,2022-Q2,144.25,PT2022-Q2
PT,2022-Q3,145.43,PT2022-Q3
PT,2022-Q4,146.79,PT2022-Q4
PT,2023-Q1,148.71,PT2023-Q1
PT,2023-Q2,150.71,PT2023-Q2
PT,2023-Q3,152.42,PT2023-Q3
PT,2023-Q4,154.18,PT2023-Q4
RO,2010-Q1,240.77,RO2010-Q1
RO,2010-Q2,241.64,RO2010-Q2
RO,2010-Q3,242.75,RO2010-Q3
RO,2010-Q4,243.73,RO2010-Q4
RO,2011-Q1,243.47,RO2011-Q1
RO,2011-Q2,241.75,RO2011-Q2
RO,2011-Q3,243.62,RO2011-Q3
RO,2011-Q4,246.5,RO2011-Q4
RO,2012-Q1,247.54,RO2012-Q1
RO,2012-Q2,249.11,RO2012-Q2
RO,2012-Q3,250.27,RO2012-Q3
RO,2012-Q4,251.63,RO2012-Q4
RO,2013-Q1,249.52,RO2013-Q1
RO,2013-Q2,250.46,RO2013-Q2
RO,2013-Q3,251.61,RO2013-Q3
RO,2013-Q4,252.45,RO2013-Q4
RO,2014-Q1,255.41,RO2014-Q1
RO,2014-Q2,255.33,RO2014-Q2
RO,2014-Q3,256.49,RO2014-Q3
RO,2014-Q4,257.48,RO2014-Q4
RO,2015-Q1,257.92,RO2015-Q1
RO,2015-Q2,258.16,RO2015-Q2
RO,2015-Q3,258.62,RO2015-Q3
RO,2015-Q4,260.37,RO2015-Q4
RO,2016-Q1,260.7,RO2016-Q1
RO,2016-Q2,260.93,RO2016-Q2
RO,2016-Q3,260.86,RO2016-Q3
RO,2016-Q4,261.61,RO2016-Q4
RO,2017-Q1,262.72,RO2017-Q1
RO,2017-Q2,263.49,RO2017-Q2
RO,2017-Q3,265.6,RO2017-Q3
RO,2017-Q4,268.36,RO2017-Q4
RO,2018-Q1,269.4,RO2018-Q1
RO,2018-Q2,269.63,RO2018-Q2
RO,2018-Q3,271.83,RO2018-Q3
RO,2018-Q4,275.28,RO2018-Q4
RO,2019-Q1,277.07,RO2019-Q1
RO,2019-Q2,278.48,RO2019-Q2
RO,2019-Q3,278.56,RO2019-Q3
RO,2019-Q4,280.63,RO2019-Q4
RO,2020-Q1,282.68,RO2020-Q1
RO,2020-Q2,283.68,RO2020-Q2
RO,2020-Q3,285.61,RO2020-Q3
RO,2020-Q4,287.91,RO2020-Q4
RO,2021-Q1,288.76,RO2021-Q1
RO,2021-Q2,291.0,RO2021-Q2
RO,2021-Q3,292.45,RO2021-Q3
RO,2021-Q4,296.62,RO2021-Q4
RO,2022-Q1,299.02,RO2022-Q1
RO,2022-Q2,303.04,RO2022-Q2
RO,2022-Q3,307.68,RO2022-Q3
RO,2022-Q4,316.61,RO2022-Q4
RO,2023-Q1,323.43,RO2023-Q1
RO,2023-Q2,333.5,RO2023-Q2
RO,2023-Q3,340.89,RO2023-Q3
RO,2023-Q4,349.42,RO2023-Q4
SE,2010-Q1,109.54,SE2010-Q1
SE,2010-Q2,110.26,SE2010-Q2
SE,2010-Q3,110.58,SE2010-Q3
SE,2010-Q4,110.65,SE2010-Q4
SE,2011-Q1,111.75,SE2011-Q1
SE,2011-Q2,113.0,SE2011-Q2
SE,2011-Q3,113.23,SE2011-Q3
SE,2011-Q4,113.27,SE2011-Q4
SE,2012-Q1,114.69,SE2012-Q1
SE,2012-Q2,115.81,SE2012-Q2
SE,2012-Q3,116.17,SE2012-Q3
SE,2012-Q4,116.2,SE2012-Q4
SE,2013-Q1,117.42,SE2013-Q1
SE,2013-Q2,118.49,SE2013-Q2
SE,2013-Q3,118.62,SE2013-Q3
SE,2013-Q4,118.64,SE2013-Q4
SE,2014-Q1,119.53,SE2014-Q1
SE,2014-Q2,120.53,SE2014-Q2
SE,2014-Q3,120.69,SE2014-Q3
SE,2014-Q4,120.71,SE2014-Q4
SE,2015-Q1,121.57,SE2015-Q1
SE,2015-Q2,122.17,SE2015-Q2
SE,2015-Q3,122.36,SE2015-Q3
SE,2015-Q4,122.38,SE2015-Q4
SE,2016-Q1,122.81,SE2016-Q1
SE,2016-Q2,123.19,SE2016-Q2
SE,2016-Q3,123.38,SE2016-Q3
SE,2016-Q4,123.39,SE2016-Q4
SE,2017-Q1,123.85,SE2017-Q1
SE,2017-Q2,124.25,SE2017-Q2
SE,2017-Q3,124.42,SE2017-Q3
SE,2017-Q4,124.45,SE2017-Q4
SE,2018-Q1,125.02,SE2018-Q1
SE,2018-Q2,125.56,SE2018-Q2
SE,2018-Q3,125.82,SE2018-Q3
SE,2018-Q4,125.86,SE2018-Q4
SE,2019-Q1,126.94,SE2019-Q1
SE,2019-Q2,127.91,SE2019-Q2
SE,2019-Q3,128.21,SE2019-Q3
SE,2019-Q4,128.32,SE2019-Q4
SE,2020-Q1,129.2,SE2020-Q1
SE,2020-Q2,130.25,SE2020-Q2
SE,2020-Q3,130.64,SE2020-Q3
SE,2020-Q4,130.72,SE2020-Q4
SE,2021-Q1,131.13,SE2021-Q1
SE,2021-Q2,132.17,SE2021-Q2
SE,2021-Q3,132.52,SE2021-Q3
SE,2021-Q4,132.53,SE2021-Q4
SE,2022-Q1,133.64,SE2022-Q1
SE,2022-Q2,134.57,SE2022-Q2
SE,2022-Q3,134.75,SE2022-Q3
SE,2022-Q4,134.77,SE2022-Q4
SE,2023-Q1,136.36,SE2023-Q1
SE,2023-Q2,139.29,SE2023-Q2
SE,2023-Q3,140.11,SE2023-Q3
SE,2023-Q4,140.12,SE2023-Q4
SI,2010-Q1,111.76,SI2010-Q1
SI,2010-Q2,111.16,SI2010-Q2
SI,2010-Q3,111.29,SI2010-Q3
SI,2010-Q4,110.9,SI2010-Q4
SI,2011-Q1,111.14,SI2011-Q1
SI,2011-Q2,110.79,SI2011-Q2
SI,2011-Q3,111.24,SI2011-Q3
SI,2011-Q4,110.2,SI2011-Q4
SI,2012-Q1,109.76,SI2012-Q1
SI,2012-Q2,109.06,SI2012-Q2
SI,2012-Q3,109.13,SI2012-Q3
SI,2012-Q4,107.85,SI2012-Q4
SI,2013-Q1,108.33,SI2013-Q1
SI,2013-Q2,107.78,SI2013-Q2
SI,2013-Q3,108.2,SI2013-Q3
SI,2013-Q4,106.71,SI2013-Q4
SI,2014-Q1,106.22,SI2014-Q1
SI,2014-Q2,106.83,SI2014-Q2
SI,2014-Q3,107.23,SI2014-Q3
SI,2014-Q4,107.27,SI2014-Q4
SI,2015-Q1,108.21,SI2015-Q1
SI,2015-Q2,107.98,SI2015-Q2
SI,2015-Q3,109.06,SI2015-Q3
SI,2015-Q4,110.84,SI2015-Q4
SI,2016-Q1,109.76,SI2016-Q1
SI,2016-Q2,110.02,SI2016-Q2
SI,2016-Q3,110.79,SI2016-Q3
SI,2016-Q4,112.64,SI2016-Q4
SI,2017-Q1,113.69,SI2017-Q1
SI,2017-Q2,114.78,SI2017-Q2
SI,2017-Q3,116.79,SI2017-Q3
SI,2017-Q4,121.44,SI2017-Q4
SI,2018-Q1,120.36,SI2018-Q1
SI,2018-Q2,122.72,SI2018-Q2
SI,2018-Q3,124.13,SI2018-Q3
SI,2018-Q4,128.64,SI2018-Q4
SI,2019-Q1,128.32,SI2019-Q1
SI,2019-Q2,128.53,SI2019-Q2
SI,2019-Q3,130.93,SI2019-Q3
SI,2019-Q4,129.01,SI2019-Q4
SI,2020-Q1,130.13,SI2020-Q1
SI,2020-Q2,126.18,SI2020-Q2
SI,2020-Q3,124.83,SI2020-Q3
SI,2020-Q4,123.85,SI2020-Q4
SI,2021-Q1,123.56,SI2021-Q1
SI,2021-Q2,124.07,SI2021-Q2
SI,2021-Q3,133.16,SI2021-Q3
SI,2021-Q4,142.67,SI2021-Q4
SI,2022-Q1,145.63,SI2022-Q1
SI,2022-Q2,155.26,SI2022-Q2
SI,2022-Q3,158.75,SI2022-Q3
SI,2022-Q4,163.06,SI2022-Q4
SI,2023-Q1,163.93,SI2023-Q1
SI,2023-Q2,173.93,SI2023-Q2
SI,2023-Q3,179.66,SI2023-Q3
SI,2023-Q4,182.07,SI2023-Q4
SK,2010-Q1,116.51,SK2010-Q1
SK,2010-Q2,117.01,SK2010-Q2
SK,2010-Q3,117.27,SK2010-Q3
SK,2010-Q4,117.27,SK2010-Q4
SK,2011-Q1,117.73,SK2011-Q1
SK,2011-Q2,117.95,SK2011-Q2
SK,2011-Q3,117.99,SK2011-Q3
SK,2011-Q4,118.01,SK2011-Q4
SK,2012-Q1,118.36,SK2012-Q1
SK,2012-Q2,118.68,SK2012-Q2
SK,2012-Q3,118.68,SK2012-Q3
SK,2012-Q4,118.93,SK2012-Q4
SK,2013-Q1,119.01,SK2013-Q1
SK,2013-Q2,119.03,SK2013-Q2
SK,2013-Q3,118.92,SK2013-Q3
SK,2013-Q4,118.89,SK2013-Q4
SK,2014-Q1,118.99,SK2014-Q1
SK,2014-Q2,118.99,SK2014-Q2
SK,2014-Q3,118.99,SK2014-Q3
SK,2014-Q4,118.99,SK2014-Q4
SK,2015-Q1,118.99,SK2015-Q1
SK,2015-Q2,118.99,SK2015-Q2
SK,2015-Q3,118.99,SK2015-Q3
SK,2015-Q4,118.99,SK2015-Q4
SK,2016-Q1,119.19,SK2016-Q1
SK,2016-Q2,119.28,SK2016-Q2
SK,2016-Q3,119.33,SK2016-Q3
SK,2016-Q4,119.33,SK2016-Q4
SK,2017-Q1,119.45,SK2017-Q1
SK,2017-Q2,119.5,SK2017-Q2
SK,2017-Q3,119.78,SK2017-Q3
SK,2017-Q4,119.78,SK2017-Q4
SK,2018-Q1,119.89,SK2018-Q1
SK,2018-Q2,119.97,SK2018-Q2
SK,2018-Q3,120.01,SK2018-Q3
SK,2018-Q4,120.11,SK2018-Q4
SK,2019-Q1,120.37,SK2019-Q1
SK,2019-Q2,120.51,SK2019-Q2
SK,2019-Q3,120.91,SK2019-Q3
SK,2019-Q4,120.93,SK2019-Q4
SK,2020-Q1,121.13,SK2020-Q1
SK,2020-Q2,122.43,SK2020-Q2
SK,2020-Q3,123.24,SK2020-Q3
SK,2020-Q4,123.24,SK2020-Q4
SK,2021-Q1,123.27,SK2021-Q1
SK,2021-Q2,123.29,SK2021-Q2
SK,2021-Q3,123.31,SK2021-Q3
SK,2021-Q4,124.48,SK2021-Q4
SK,2022-Q1,124.88,SK2022-Q1
SK,2022-Q2,128.13,SK2022-Q2
SK,2022-Q3,130.09,SK2022-Q3
SK,2022-Q4,131.65,SK2022-Q4
SK,2023-Q1,133.92,SK2023-Q1
SK,2023-Q2,134.83,SK2023-Q2
SK,2023-Q3,136.37,SK2023-Q3
SK,2023-Q4,137.06,SK2023-Q4
