freq,geo,hhtyp,indic_is,unit,time_period,obs_value,key1
Q,AT,,,I10,2010-Q1,98.778,AT2010-Q1
Q,AT,,,I10,2010-Q2,99.741,AT2010-Q2
Q,AT,,,I10,2010-Q3,100.441,AT2010-Q3
Q,AT,,,I10,2010-Q4,101.040,AT2010-Q4
Q,AT,,,I10,2011-Q1,101.494,AT2011-Q1
Q,AT,,,I10,2011-Q2,101.441,AT2011-Q2
Q,AT,,,I10,2011-Q3,101.640,AT2011-Q3
Q,AT,,,I10,2011-Q4,101.300,AT2011-Q4
Q,AT,,,I10,2012-Q1,101.799,AT2012-Q1
Q,AT,,,I10,2012-Q2,101.258,AT2012-Q2
Q,AT,,,I10,2012-Q3,100.872,AT2012-Q3
Q,AT,,,I10,2012-Q4,100.758,AT2012-Q4
Q,AT,,,I10,2013-Q1,100.824,AT2013-Q1
Q,AT,,,I10,2013-Q2,100.604,AT2013-Q2
Q,AT,,,I10,2013-Q3,100.709,AT2013-Q3
Q,AT,,,I10,2013-Q4,101.008,AT2013-Q4
Q,AT,,,I10,2014-Q1,100.366,AT2014-Q1
Q,AT,,,I10,2014-Q2,100.834,AT2014-Q2
Q,AT,,,I10,2014-Q3,100.688,AT2014-Q3
Q,AT,,,I10,2014-Q4,100.696,AT2014-Q4
Q,AT,,,I10,2015-Q1,100.749,AT2015-Q1
Q,AT,,,I10,2015-Q2,100.818,AT2015-Q2
Q,AT,,,I10,2015-Q3,101.322,AT2015-Q3
Q,AT,,,I10,2015-Q4,101.268,AT2015-Q4
Q,AT,,,I10,2016-Q1,101.704,AT2016-Q1
Q,AT,,,I10,2016-Q2,101.497,AT2016-Q2
Q,AT,,,I10,2016-Q3,101.487,AT2016-Q3
Q,AT,,,I10,2016-Q4,102.143,AT2016-Q4
Q,AT,,,I10,2017-Q1,102.154,AT2017-Q1
Q,AT,,,I10,2017-Q2,102.289,AT2017-Q2
Q,AT,,,I10,2017-Q3,102.525,AT2017-Q3
Q,AT,,,I10,2017-Q4,102.660,AT2017-Q4
Q,AT,,,I10,2018-Q1,102.976,AT2018-Q1
Q,AT,,,I10,2018-Q2,102.735,AT2018-Q2
Q,AT,,,I10,2018-Q3,102.894,AT2018-Q3
Q,AT,,,I10,2018-Q4,103.833,AT2018-Q4
Q,AT,,,I10,2019-Q1,104.162,AT2019-Q1
Q,AT,,,I10,2019-Q2,103.465,AT2019-Q2
Q,AT,,,I10,2019-Q3,103.622,AT2019-Q3
Q,AT,,,I10,2019-Q4,102.715,AT2019-Q4
Q,AT,,,I10,2020-Q1,100.611,AT2020-Q1
Q,AT,,,I10,2020-Q2,93.003,AT2020-Q2
Q,AT,,,I10,2020-Q3,100.446,AT2020-Q3
Q,AT,,,I10,2020-Q4,98.147,AT2020-Q4
Q,AT,,,I10,2021-Q1,97.677,AT2021-Q1
Q,AT,,,I10,2021-Q2,99.688,AT2021-Q2
Q,AT,,,I10,2021-Q3,102.379,AT2021-Q3
Q,AT,,,I10,2021-Q4,101.615,AT2021-Q4
Q,AT,,,I10,2022-Q1,101.629,AT2022-Q1
Q,AT,,,I10,2022-Q2,103.232,AT2022-Q2
Q,AT,,,I10,2022-Q3,102.955,AT2022-Q3
Q,AT,,,I10,2022-Q4,102.293,AT2022-Q4
Q,AT,,,I10,2023-Q1,102.024,AT2023-Q1
Q,AT,,,I10,2023-Q2,100.666,AT2023-Q2
Q,AT,,,I10,2023-Q3,100.357,AT2023-Q3
Q,AT,,,I10,2023-Q4,100.332,AT2023-Q4
Q,AT,,,I10,2024-Q1,100.353,AT2024-Q1
Q,BE,,,I10,2010-Q1,99.420,BE2010-Q1
Q,BE,,,I10,2010-Q2,100.118,BE2010-Q2
Q,BE,,,I10,2010-Q3,100.140,BE2010-Q3
Q,BE,,,I10,2010-Q4,100.323,BE2010-Q4
Q,BE,,,I10,2011-Q1,100.379,BE2011-Q1
Q,BE,,,I10,2011-Q2,100.257,BE2011-Q2
Q,BE,,,I10,2011-Q3,100.320,BE2011-Q3
Q,BE,,,I10,2011-Q4,100.460,BE2011-Q4
Q,BE,,,I10,2012-Q1,100.583,BE2012-Q1
Q,BE,,,I10,2012-Q2,100.505,BE2012-Q2
Q,BE,,,I10,2012-Q3,100.772,BE2012-Q3
Q,BE,,,I10,2012-Q4,100.809,BE2012-Q4
Q,BE,,,I10,2013-Q1,100.706,BE2013-Q1
Q,BE,,,I10,2013-Q2,101.490,BE2013-Q2
Q,BE,,,I10,2013-Q3,101.691,BE2013-Q3
Q,BE,,,I10,2013-Q4,101.817,BE2013-Q4
Q,BE,,,I10,2014-Q1,102.207,BE2014-Q1
Q,BE,,,I10,2014-Q2,102.281,BE2014-Q2
Q,BE,,,I10,2014-Q3,102.866,BE2014-Q3
Q,BE,,,I10,2014-Q4,103.122,BE2014-Q4
Q,BE,,,I10,2015-Q1,103.507,BE2015-Q1
Q,BE,,,I10,2015-Q2,103.931,BE2015-Q2
Q,BE,,,I10,2015-Q3,103.801,BE2015-Q3
Q,BE,,,I10,2015-Q4,103.971,BE2015-Q4
Q,BE,,,I10,2016-Q1,103.753,BE2016-Q1
Q,BE,,,I10,2016-Q2,103.960,BE2016-Q2
Q,BE,,,I10,2016-Q3,103.659,BE2016-Q3
Q,BE,,,I10,2016-Q4,103.896,BE2016-Q4
Q,BE,,,I10,2017-Q1,104.214,BE2017-Q1
Q,BE,,,I10,2017-Q2,103.845,BE2017-Q2
Q,BE,,,I10,2017-Q3,103.488,BE2017-Q3
Q,BE,,,I10,2017-Q4,103.939,BE2017-Q4
Q,BE,,,I10,2018-Q1,103.931,BE2018-Q1
Q,BE,,,I10,2018-Q2,104.026,BE2018-Q2
Q,BE,,,I10,2018-Q3,104.122,BE2018-Q3
Q,BE,,,I10,2018-Q4,104.730,BE2018-Q4
Q,BE,,,I10,2019-Q1,104.451,BE2019-Q1
Q,BE,,,I10,2019-Q2,104.663,BE2019-Q2
Q,BE,,,I10,2019-Q3,105.083,BE2019-Q3
Q,BE,,,I10,2019-Q4,105.246,BE2019-Q4
Q,BE,,,I10,2020-Q1,102.507,BE2020-Q1
Q,BE,,,I10,2020-Q2,91.524,BE2020-Q2
Q,BE,,,I10,2020-Q3,101.955,BE2020-Q3
Q,BE,,,I10,2020-Q4,100.900,BE2020-Q4
Q,BE,,,I10,2021-Q1,102.409,BE2021-Q1
Q,BE,,,I10,2021-Q2,103.652,BE2021-Q2
Q,BE,,,I10,2021-Q3,105.024,BE2021-Q3
Q,BE,,,I10,2021-Q4,105.328,BE2021-Q4
Q,BE,,,I10,2022-Q1,104.934,BE2022-Q1
Q,BE,,,I10,2022-Q2,105.142,BE2022-Q2
Q,BE,,,I10,2022-Q3,105.049,BE2022-Q3
Q,BE,,,I10,2022-Q4,105.150,BE2022-Q4
Q,BE,,,I10,2023-Q1,105.319,BE2023-Q1
Q,BE,,,I10,2023-Q2,105.539,BE2023-Q2
Q,BE,,,I10,2023-Q3,105.745,BE2023-Q3
Q,BE,,,I10,2023-Q4,106.034,BE2023-Q4
Q,BG,,,I10,2010-Q1,97.251,BG2010-Q1
Q,BG,,,I10,2010-Q2,99.332,BG2010-Q2
Q,BG,,,I10,2010-Q3,100.819,BG2010-Q3
Q,BG,,,I10,2010-Q4,102.597,BG2010-Q4
Q,BG,,,I10,2011-Q1,102.975,BG2011-Q1
Q,BG,,,I10,2011-Q2,104.522,BG2011-Q2
Q,BG,,,I10,2011-Q3,105.556,BG2011-Q3
Q,BG,,,I10,2011-Q4,106.074,BG2011-Q4
Q,BG,,,I10,2012-Q1,107.453,BG2012-Q1
Q,BG,,,I10,2012-Q2,108.327,BG2012-Q2
Q,BG,,,I10,2012-Q3,108.057,BG2012-Q3
Q,BG,,,I10,2012-Q4,107.953,BG2012-Q4
Q,BG,,,I10,2013-Q1,107.875,BG2013-Q1
Q,BG,,,I10,2013-Q2,107.332,BG2013-Q2
Q,BG,,,I10,2013-Q3,107.957,BG2013-Q3
Q,BG,,,I10,2013-Q4,108.117,BG2013-Q4
Q,BG,,,I10,2014-Q1,107.912,BG2014-Q1
Q,BG,,,I10,2014-Q2,108.408,BG2014-Q2
Q,BG,,,I10,2014-Q3,108.664,BG2014-Q3
Q,BG,,,I10,2014-Q4,109.656,BG2014-Q4
Q,BG,,,I10,2015-Q1,110.636,BG2015-Q1
Q,BG,,,I10,2015-Q2,111.498,BG2015-Q2
Q,BG,,,I10,2015-Q3,112.131,BG2015-Q3
Q,BG,,,I10,2015-Q4,112.934,BG2015-Q4
Q,BG,,,I10,2016-Q1,113.659,BG2016-Q1
Q,BG,,,I10,2016-Q2,114.174,BG2016-Q2
Q,BG,,,I10,2016-Q3,115.257,BG2016-Q3
Q,BG,,,I10,2016-Q4,115.659,BG2016-Q4
Q,BG,,,I10,2017-Q1,115.624,BG2017-Q1
Q,BG,,,I10,2017-Q2,115.874,BG2017-Q2
Q,BG,,,I10,2017-Q3,115.791,BG2017-Q3
Q,BG,,,I10,2017-Q4,116.380,BG2017-Q4
Q,BG,,,I10,2018-Q1,117.238,BG2018-Q1
Q,BG,,,I10,2018-Q2,118.478,BG2018-Q2
Q,BG,,,I10,2018-Q3,119.921,BG2018-Q3
Q,BG,,,I10,2018-Q4,121.142,BG2018-Q4
Q,BG,,,I10,2019-Q1,122.048,BG2019-Q1
Q,BG,,,I10,2019-Q2,123.514,BG2019-Q2
Q,BG,,,I10,2019-Q3,123.869,BG2019-Q3
Q,BG,,,I10,2019-Q4,125.370,BG2019-Q4
Q,BG,,,I10,2020-Q1,121.122,BG2020-Q1
Q,BG,,,I10,2020-Q2,118.302,BG2020-Q2
Q,BG,,,I10,2020-Q3,122.416,BG2020-Q3
Q,BG,,,I10,2020-Q4,124.153,BG2020-Q4
Q,BG,,,I10,2021-Q1,127.340,BG2021-Q1
Q,BG,,,I10,2021-Q2,128.719,BG2021-Q2
Q,BG,,,I10,2021-Q3,130.734,BG2021-Q3
Q,BG,,,I10,2021-Q4,132.940,BG2021-Q4
Q,BG,,,I10,2022-Q1,134.430,BG2022-Q1
Q,BG,,,I10,2022-Q2,135.437,BG2022-Q2
Q,BG,,,I10,2022-Q3,135.695,BG2022-Q3
Q,BG,,,I10,2022-Q4,136.478,BG2022-Q4
Q,BG,,,I10,2023-Q1,136.135,BG2023-Q1
Q,BG,,,I10,2023-Q2,136.692,BG2023-Q2
Q,BG,,,I10,2023-Q3,137.388,BG2023-Q3
Q,BG,,,I10,2023-Q4,137.410,BG2023-Q4
Q,CH,,,I10,2010-Q1,99.978,CH2010-Q1
Q,CH,,,I10,2010-Q2,99.830,CH2010-Q2
Q,CH,,,I10,2010-Q3,99.739,CH2010-Q3
Q,CH,,,I10,2010-Q4,100.453,CH2010-Q4
Q,CH,,,I10,2011-Q1,99.845,CH2011-Q1
Q,CH,,,I10,2011-Q2,99.745,CH2011-Q2
Q,CH,,,I10,2011-Q3,99.148,CH2011-Q3
Q,CH,,,I10,2011-Q4,98.634,CH2011-Q4
Q,CH,,,I10,2012-Q1,98.699,CH2012-Q1
Q,CH,,,I10,2012-Q2,98.746,CH2012-Q2
Q,CH,,,I10,2012-Q3,98.565,CH2012-Q3
Q,CH,,,I10,2012-Q4,99.090,CH2012-Q4
Q,CH,,,I10,2013-Q1,99.164,CH2013-Q1
Q,CH,,,I10,2013-Q2,99.538,CH2013-Q2
Q,CH,,,I10,2013-Q3,99.522,CH2013-Q3
Q,CH,,,I10,2013-Q4,99.327,CH2013-Q4
Q,CH,,,I10,2014-Q1,100.055,CH2014-Q1
Q,CH,,,I10,2014-Q2,99.678,CH2014-Q2
Q,CH,,,I10,2014-Q3,99.925,CH2014-Q3
Q,CH,,,I10,2014-Q4,99.597,CH2014-Q4
Q,CH,,,I10,2015-Q1,99.131,CH2015-Q1
Q,CH,,,I10,2015-Q2,99.752,CH2015-Q2
Q,CH,,,I10,2015-Q3,100.294,CH2015-Q3
Q,CH,,,I10,2015-Q4,100.248,CH2015-Q4
Q,CH,,,I10,2016-Q1,99.763,CH2016-Q1
Q,CH,,,I10,2016-Q2,100.618,CH2016-Q2
Q,CH,,,I10,2016-Q3,100.933,CH2016-Q3
Q,CH,,,I10,2016-Q4,100.839,CH2016-Q4
Q,CH,,,I10,2017-Q1,100.793,CH2017-Q1
Q,CH,,,I10,2017-Q2,100.461,CH2017-Q2
Q,CH,,,I10,2017-Q3,100.996,CH2017-Q3
Q,CH,,,I10,2017-Q4,102.011,CH2017-Q4
Q,CH,,,I10,2018-Q1,102.629,CH2018-Q1
Q,CH,,,I10,2018-Q2,103.388,CH2018-Q2
Q,CH,,,I10,2018-Q3,102.497,CH2018-Q3
Q,CH,,,I10,2018-Q4,103.026,CH2018-Q4
Q,CH,,,I10,2019-Q1,102.800,CH2019-Q1
Q,CH,,,I10,2019-Q2,102.739,CH2019-Q2
Q,CH,,,I10,2019-Q3,103.692,CH2019-Q3
Q,CH,,,I10,2019-Q4,104.031,CH2019-Q4
Q,CH,,,I10,2020-Q1,101.832,CH2020-Q1
Q,CH,,,I10,2020-Q2,97.381,CH2020-Q2
Q,CH,,,I10,2020-Q3,103.417,CH2020-Q3
Q,CH,,,I10,2020-Q4,103.196,CH2020-Q4
Q,CH,,,I10,2021-Q1,104.076,CH2021-Q1
Q,CH,,,I10,2021-Q2,106.524,CH2021-Q2
Q,CH,,,I10,2021-Q3,107.659,CH2021-Q3
Q,CH,,,I10,2021-Q4,107.039,CH2021-Q4
Q,CH,,,I10,2022-Q1,107.080,CH2022-Q1
Q,CH,,,I10,2022-Q2,107.973,CH2022-Q2
Q,CH,,,I10,2022-Q3,107.786,CH2022-Q3
Q,CH,,,I10,2022-Q4,107.428,CH2022-Q4
Q,CH,,,I10,2023-Q1,106.542,CH2023-Q1
Q,CH,,,I10,2023-Q2,105.505,CH2023-Q2
Q,CH,,,I10,2023-Q3,105.937,CH2023-Q3
Q,CH,,,I10,2023-Q4,105.756,CH2023-Q4
Q,CY,,,I10,2010-Q1,99.686,CY2010-Q1
Q,CY,,,I10,2010-Q2,99.869,CY2010-Q2
Q,CY,,,I10,2010-Q3,100.202,CY2010-Q3
Q,CY,,,I10,2010-Q4,100.243,CY2010-Q4
Q,CY,,,I10,2011-Q1,100.058,CY2011-Q1
Q,CY,,,I10,2011-Q2,100.836,CY2011-Q2
Q,CY,,,I10,2011-Q3,99.184,CY2011-Q3
Q,CY,,,I10,2011-Q4,100.588,CY2011-Q4
Q,CY,,,I10,2012-Q1,100.719,CY2012-Q1
Q,CY,,,I10,2012-Q2,100.387,CY2012-Q2
Q,CY,,,I10,2012-Q3,100.306,CY2012-Q3
Q,CY,,,I10,2012-Q4,99.601,CY2012-Q4
Q,CY,,,I10,2013-Q1,98.661,CY2013-Q1
Q,CY,,,I10,2013-Q2,98.685,CY2013-Q2
Q,CY,,,I10,2013-Q3,99.491,CY2013-Q3
Q,CY,,,I10,2013-Q4,99.790,CY2013-Q4
Q,CY,,,I10,2014-Q1,99.794,CY2014-Q1
Q,CY,,,I10,2014-Q2,99.518,CY2014-Q2
Q,CY,,,I10,2014-Q3,99.313,CY2014-Q3
Q,CY,,,I10,2014-Q4,99.371,CY2014-Q4
Q,CY,,,I10,2015-Q1,100.280,CY2015-Q1
Q,CY,,,I10,2015-Q2,100.948,CY2015-Q2
Q,CY,,,I10,2015-Q3,101.250,CY2015-Q3
Q,CY,,,I10,2015-Q4,102.360,CY2015-Q4
Q,CY,,,I10,2016-Q1,103.361,CY2016-Q1
Q,CY,,,I10,2016-Q2,102.875,CY2016-Q2
Q,CY,,,I10,2016-Q3,103.000,CY2016-Q3
Q,CY,,,I10,2016-Q4,103.422,CY2016-Q4
Q,CY,,,I10,2017-Q1,104.551,CY2017-Q1
Q,CY,,,I10,2017-Q2,103.429,CY2017-Q2
Q,CY,,,I10,2017-Q3,102.862,CY2017-Q3
Q,CY,,,I10,2017-Q4,103.281,CY2017-Q4
Q,CY,,,I10,2018-Q1,104.119,CY2018-Q1
Q,CY,,,I10,2018-Q2,103.191,CY2018-Q2
Q,CY,,,I10,2018-Q3,103.244,CY2018-Q3
Q,CY,,,I10,2018-Q4,104.670,CY2018-Q4
Q,CY,,,I10,2019-Q1,105.005,CY2019-Q1
Q,CY,,,I10,2019-Q2,105.169,CY2019-Q2
Q,CY,,,I10,2019-Q3,105.305,CY2019-Q3
Q,CY,,,I10,2019-Q4,106.622,CY2019-Q4
Q,CY,,,I10,2020-Q1,106.320,CY2020-Q1
Q,CY,,,I10,2020-Q2,96.025,CY2020-Q2
Q,CY,,,I10,2020-Q3,102.179,CY2020-Q3
Q,CY,,,I10,2020-Q4,106.912,CY2020-Q4
Q,CY,,,I10,2021-Q1,107.348,CY2021-Q1
Q,CY,,,I10,2021-Q2,108.324,CY2021-Q2
Q,CY,,,I10,2021-Q3,110.897,CY2021-Q3
Q,CY,,,I10,2021-Q4,112.345,CY2021-Q4
Q,CY,,,I10,2022-Q1,111.994,CY2022-Q1
Q,CY,,,I10,2022-Q2,111.882,CY2022-Q2
Q,CY,,,I10,2022-Q3,111.913,CY2022-Q3
Q,CY,,,I10,2022-Q4,112.349,CY2022-Q4
Q,CY,,,I10,2023-Q1,113.229,CY2023-Q1
Q,CY,,,I10,2023-Q2,112.271,CY2023-Q2
Q,CY,,,I10,2023-Q3,113.168,CY2023-Q3
Q,CY,,,I10,2023-Q4,113.657,CY2023-Q4
Q,CZ,,,I10,2010-Q1,98.891,CZ2010-Q1
Q,CZ,,,I10,2010-Q2,99.880,CZ2010-Q2
Q,CZ,,,I10,2010-Q3,100.416,CZ2010-Q3
Q,CZ,,,I10,2010-Q4,100.813,CZ2010-Q4
Q,CZ,,,I10,2011-Q1,101.810,CZ2011-Q1
Q,CZ,,,I10,2011-Q2,102.001,CZ2011-Q2
Q,CZ,,,I10,2011-Q3,101.990,CZ2011-Q3
Q,CZ,,,I10,2011-Q4,102.353,CZ2011-Q4
Q,CZ,,,I10,2012-Q1,101.909,CZ2012-Q1
Q,CZ,,,I10,2012-Q2,101.054,CZ2012-Q2
Q,CZ,,,I10,2012-Q3,100.364,CZ2012-Q3
Q,CZ,,,I10,2012-Q4,100.213,CZ2012-Q4
Q,CZ,,,I10,2013-Q1,100.045,CZ2013-Q1
Q,CZ,,,I10,2013-Q2,99.852,CZ2013-Q2
Q,CZ,,,I10,2013-Q3,100.492,CZ2013-Q3
Q,CZ,,,I10,2013-Q4,101.683,CZ2013-Q4
Q,CZ,,,I10,2014-Q1,100.984,CZ2014-Q1
Q,CZ,,,I10,2014-Q2,101.820,CZ2014-Q2
Q,CZ,,,I10,2014-Q3,102.655,CZ2014-Q3
Q,CZ,,,I10,2014-Q4,103.436,CZ2014-Q4
Q,CZ,,,I10,2015-Q1,105.013,CZ2015-Q1
Q,CZ,,,I10,2015-Q2,105.784,CZ2015-Q2
Q,CZ,,,I10,2015-Q3,107.050,CZ2015-Q3
Q,CZ,,,I10,2015-Q4,107.304,CZ2015-Q4
Q,CZ,,,I10,2016-Q1,106.897,CZ2016-Q1
Q,CZ,,,I10,2016-Q2,106.644,CZ2016-Q2
Q,CZ,,,I10,2016-Q3,107.541,CZ2016-Q3
Q,CZ,,,I10,2016-Q4,107.680,CZ2016-Q4
Q,CZ,,,I10,2017-Q1,109.221,CZ2017-Q1
Q,CZ,,,I10,2017-Q2,111.341,CZ2017-Q2
Q,CZ,,,I10,2017-Q3,111.653,CZ2017-Q3
Q,CZ,,,I10,2017-Q4,112.564,CZ2017-Q4
Q,CZ,,,I10,2018-Q1,112.663,CZ2018-Q1
Q,CZ,,,I10,2018-Q2,112.522,CZ2018-Q2
Q,CZ,,,I10,2018-Q3,113.599,CZ2018-Q3
Q,CZ,,,I10,2018-Q4,114.233,CZ2018-Q4
Q,CZ,,,I10,2019-Q1,115.003,CZ2019-Q1
Q,CZ,,,I10,2019-Q2,115.637,CZ2019-Q2
Q,CZ,,,I10,2019-Q3,116.831,CZ2019-Q3
Q,CZ,,,I10,2019-Q4,117.856,CZ2019-Q4
Q,CZ,,,I10,2020-Q1,114.217,CZ2020-Q1
Q,CZ,,,I10,2020-Q2,105.413,CZ2020-Q2
Q,CZ,,,I10,2020-Q3,112.750,CZ2020-Q3
Q,CZ,,,I10,2020-Q4,114.922,CZ2020-Q4
Q,CZ,,,I10,2021-Q1,113.668,CZ2021-Q1
Q,CZ,,,I10,2021-Q2,114.558,CZ2021-Q2
Q,CZ,,,I10,2021-Q3,116.024,CZ2021-Q3
Q,CZ,,,I10,2021-Q4,116.908,CZ2021-Q4
Q,CZ,,,I10,2022-Q1,117.503,CZ2022-Q1
Q,CZ,,,I10,2022-Q2,115.901,CZ2022-Q2
Q,CZ,,,I10,2022-Q3,115.995,CZ2022-Q3
Q,CZ,,,I10,2022-Q4,115.694,CZ2022-Q4
Q,CZ,,,I10,2023-Q1,115.760,CZ2023-Q1
Q,CZ,,,I10,2023-Q2,114.867,CZ2023-Q2
Q,CZ,,,I10,2023-Q3,114.753,CZ2023-Q3
Q,CZ,,,I10,2023-Q4,115.382,CZ2023-Q4
Q,CZ,,,I10,2024-Q1,115.817,CZ2024-Q1
Q,DE,,,I10,2010-Q1,98.188,DE2010-Q1
Q,DE,,,I10,2010-Q2,100.044,DE2010-Q2
Q,DE,,,I10,2010-Q3,100.611,DE2010-Q3
Q,DE,,,I10,2010-Q4,101.156,DE2010-Q4
Q,DE,,,I10,2011-Q1,102.818,DE2011-Q1
Q,DE,,,I10,2011-Q2,102.543,DE2011-Q2
Q,DE,,,I10,2011-Q3,103.133,DE2011-Q3
Q,DE,,,I10,2011-Q4,102.517,DE2011-Q4
Q,DE,,,I10,2012-Q1,102.423,DE2012-Q1
Q,DE,,,I10,2012-Q2,102.376,DE2012-Q2
Q,DE,,,I10,2012-Q3,102.418,DE2012-Q3
Q,DE,,,I10,2012-Q4,101.650,DE2012-Q4
Q,DE,,,I10,2013-Q1,101.050,DE2013-Q1
Q,DE,,,I10,2013-Q2,102.054,DE2013-Q2
Q,DE,,,I10,2013-Q3,102.363,DE2013-Q3
Q,DE,,,I10,2013-Q4,102.426,DE2013-Q4
Q,DE,,,I10,2014-Q1,103.113,DE2014-Q1
Q,DE,,,I10,2014-Q2,102.919,DE2014-Q2
Q,DE,,,I10,2014-Q3,103.261,DE2014-Q3
Q,DE,,,I10,2014-Q4,103.986,DE2014-Q4
Q,DE,,,I10,2015-Q1,103.244,DE2015-Q1
Q,DE,,,I10,2015-Q2,103.661,DE2015-Q2
Q,DE,,,I10,2015-Q3,103.731,DE2015-Q3
Q,DE,,,I10,2015-Q4,103.882,DE2015-Q4
Q,DE,,,I10,2016-Q1,104.496,DE2016-Q1
Q,DE,,,I10,2016-Q2,104.635,DE2016-Q2
Q,DE,,,I10,2016-Q3,104.516,DE2016-Q3
Q,DE,,,I10,2016-Q4,104.518,DE2016-Q4
Q,DE,,,I10,2017-Q1,105.478,DE2017-Q1
Q,DE,,,I10,2017-Q2,106.064,DE2017-Q2
Q,DE,,,I10,2017-Q3,106.344,DE2017-Q3
Q,DE,,,I10,2017-Q4,107.013,DE2017-Q4
Q,DE,,,I10,2018-Q1,105.917,DE2018-Q1
Q,DE,,,I10,2018-Q2,106.420,DE2018-Q2
Q,DE,,,I10,2018-Q3,105.153,DE2018-Q3
Q,DE,,,I10,2018-Q4,105.802,DE2018-Q4
Q,DE,,,I10,2019-Q1,106.221,DE2019-Q1
Q,DE,,,I10,2019-Q2,105.942,DE2019-Q2
Q,DE,,,I10,2019-Q3,105.871,DE2019-Q3
Q,DE,,,I10,2019-Q4,106.055,DE2019-Q4
Q,DE,,,I10,2020-Q1,104.124,DE2020-Q1
Q,DE,,,I10,2020-Q2,95.819,DE2020-Q2
Q,DE,,,I10,2020-Q3,104.450,DE2020-Q3
Q,DE,,,I10,2020-Q4,105.133,DE2020-Q4
Q,DE,,,I10,2021-Q1,103.879,DE2021-Q1
Q,DE,,,I10,2021-Q2,105.935,DE2021-Q2
Q,DE,,,I10,2021-Q3,106.115,DE2021-Q3
Q,DE,,,I10,2021-Q4,105.775,DE2021-Q4
Q,DE,,,I10,2022-Q1,106.370,DE2022-Q1
Q,DE,,,I10,2022-Q2,105.920,DE2022-Q2
Q,DE,,,I10,2022-Q3,106.147,DE2022-Q3
Q,DE,,,I10,2022-Q4,105.445,DE2022-Q4
Q,DE,,,I10,2023-Q1,105.450,DE2023-Q1
Q,DE,,,I10,2023-Q2,105.191,DE2023-Q2
Q,DE,,,I10,2023-Q3,105.360,DE2023-Q3
Q,DE,,,I10,2023-Q4,104.786,DE2023-Q4
Q,DE,,,I10,2024-Q1,104.923,DE2024-Q1
Q,DK,,,I10,2010-Q1,98.878,DK2010-Q1
Q,DK,,,I10,2010-Q2,99.418,DK2010-Q2
Q,DK,,,I10,2010-Q3,100.961,DK2010-Q3
Q,DK,,,I10,2010-Q4,100.743,DK2010-Q4
Q,DK,,,I10,2011-Q1,101.218,DK2011-Q1
Q,DK,,,I10,2011-Q2,101.966,DK2011-Q2
Q,DK,,,I10,2011-Q3,100.730,DK2011-Q3
Q,DK,,,I10,2011-Q4,101.610,DK2011-Q4
Q,DK,,,I10,2012-Q1,102.024,DK2012-Q1
Q,DK,,,I10,2012-Q2,102.330,DK2012-Q2
Q,DK,,,I10,2012-Q3,102.589,DK2012-Q3
Q,DK,,,I10,2012-Q4,102.415,DK2012-Q4
Q,DK,,,I10,2013-Q1,103.093,DK2013-Q1
Q,DK,,,I10,2013-Q2,103.121,DK2013-Q2
Q,DK,,,I10,2013-Q3,103.497,DK2013-Q3
Q,DK,,,I10,2013-Q4,103.526,DK2013-Q4
Q,DK,,,I10,2014-Q1,103.556,DK2014-Q1
Q,DK,,,I10,2014-Q2,103.204,DK2014-Q2
Q,DK,,,I10,2014-Q3,104.744,DK2014-Q3
Q,DK,,,I10,2014-Q4,104.792,DK2014-Q4
Q,DK,,,I10,2015-Q1,105.026,DK2015-Q1
Q,DK,,,I10,2015-Q2,105.155,DK2015-Q2
Q,DK,,,I10,2015-Q3,105.124,DK2015-Q3
Q,DK,,,I10,2015-Q4,104.954,DK2015-Q4
Q,DK,,,I10,2016-Q1,105.680,DK2016-Q1
Q,DK,,,I10,2016-Q2,106.620,DK2016-Q2
Q,DK,,,I10,2016-Q3,107.055,DK2016-Q3
Q,DK,,,I10,2016-Q4,107.375,DK2016-Q4
Q,DK,,,I10,2017-Q1,107.698,DK2017-Q1
Q,DK,,,I10,2017-Q2,108.519,DK2017-Q2
Q,DK,,,I10,2017-Q3,107.861,DK2017-Q3
Q,DK,,,I10,2017-Q4,108.224,DK2017-Q4
Q,DK,,,I10,2018-Q1,108.438,DK2018-Q1
Q,DK,,,I10,2018-Q2,108.461,DK2018-Q2
Q,DK,,,I10,2018-Q3,108.635,DK2018-Q3
Q,DK,,,I10,2018-Q4,108.935,DK2018-Q4
Q,DK,,,I10,2019-Q1,108.192,DK2019-Q1
Q,DK,,,I10,2019-Q2,108.868,DK2019-Q2
Q,DK,,,I10,2019-Q3,109.008,DK2019-Q3
Q,DK,,,I10,2019-Q4,108.625,DK2019-Q4
Q,DK,,,I10,2020-Q1,107.381,DK2020-Q1
Q,DK,,,I10,2020-Q2,103.738,DK2020-Q2
Q,DK,,,I10,2020-Q3,108.231,DK2020-Q3
Q,DK,,,I10,2020-Q4,108.160,DK2020-Q4
Q,DK,,,I10,2021-Q1,110.689,DK2021-Q1
Q,DK,,,I10,2021-Q2,112.107,DK2021-Q2
Q,DK,,,I10,2021-Q3,111.232,DK2021-Q3
Q,DK,,,I10,2021-Q4,112.236,DK2021-Q4
Q,DK,,,I10,2022-Q1,109.953,DK2022-Q1
Q,DK,,,I10,2022-Q2,110.818,DK2022-Q2
Q,DK,,,I10,2022-Q3,110.851,DK2022-Q3
Q,DK,,,I10,2022-Q4,110.072,DK2022-Q4
Q,DK,,,I10,2023-Q1,110.823,DK2023-Q1
Q,DK,,,I10,2023-Q2,109.785,DK2023-Q2
Q,DK,,,I10,2023-Q3,110.064,DK2023-Q3
Q,DK,,,I10,2023-Q4,112.871,DK2023-Q4
Q,EA,,,I10,2010-Q1,98.918,EA2010-Q1
Q,EA,,,I10,2010-Q2,99.946,EA2010-Q2
Q,EA,,,I10,2010-Q3,100.345,EA2010-Q3
Q,EA,,,I10,2010-Q4,100.791,EA2010-Q4
Q,EA,,,I10,2011-Q1,101.6,EA2011-Q1
Q,EA,,,I10,2011-Q2,101.5,EA2011-Q2
Q,EA,,,I10,2011-Q3,101.7,EA2011-Q3
Q,EA,,,I10,2011-Q4,101.5,EA2011-Q4
Q,EA,,,I10,2012-Q1,101.2,EA2012-Q1
Q,EA,,,I10,2012-Q2,101.0,EA2012-Q2
Q,EA,,,I10,2012-Q3,101.1,EA2012-Q3
Q,EA,,,I10,2012-Q4,101.0,EA2012-Q4
Q,EA,,,I10,2013-Q1,100.8,EA2013-Q1
Q,EA,,,I10,2013-Q2,101.4,EA2013-Q2
Q,EA,,,I10,2013-Q3,101.6,EA2013-Q3
Q,EA,,,I10,2013-Q4,101.7,EA2013-Q4
Q,EA,,,I10,2014-Q1,102.0,EA2014-Q1
Q,EA,,,I10,2014-Q2,101.9,EA2014-Q2
Q,EA,,,I10,2014-Q3,102.1,EA2014-Q3
Q,EA,,,I10,2014-Q4,102.4,EA2014-Q4
Q,EA,,,I10,2015-Q1,102.877,EA2015-Q1
Q,EA,,,I10,2015-Q2,103.049,EA2015-Q2
Q,EA,,,I10,2015-Q3,103.051,EA2015-Q3
Q,EA,,,I10,2015-Q4,103.200,EA2015-Q4
Q,EA,,,I10,2016-Q1,103.450,EA2016-Q1
Q,EA,,,I10,2016-Q2,103.237,EA2016-Q2
Q,EA,,,I10,2016-Q3,103.391,EA2016-Q3
Q,EA,,,I10,2016-Q4,103.856,EA2016-Q4
Q,EA,,,I10,2017-Q1,104.144,EA2017-Q1
Q,EA,,,I10,2017-Q2,104.544,EA2017-Q2
Q,EA,,,I10,2017-Q3,104.851,EA2017-Q3
Q,EA,,,I10,2017-Q4,105.339,EA2017-Q4
Q,EA,,,I10,2018-Q1,104.846,EA2018-Q1
Q,EA,,,I10,2018-Q2,104.912,EA2018-Q2
Q,EA,,,I10,2018-Q3,104.588,EA2018-Q3
Q,EA,,,I10,2018-Q4,105.033,EA2018-Q4
Q,EA,,,I10,2019-Q1,105.149,EA2019-Q1
Q,EA,,,I10,2019-Q2,105.171,EA2019-Q2
Q,EA,,,I10,2019-Q3,105.180,EA2019-Q3
Q,EA,,,I10,2019-Q4,105.057,EA2019-Q4
Q,EA,,,I10,2020-Q1,101.632,EA2020-Q1
Q,EA,,,I10,2020-Q2,92.917,EA2020-Q2
Q,EA,,,I10,2020-Q3,103.019,EA2020-Q3
Q,EA,,,I10,2020-Q4,102.377,EA2020-Q4
Q,EA,,,I10,2021-Q1,102.885,EA2021-Q1
Q,EA,,,I10,2021-Q2,104.248,EA2021-Q2
Q,EA,,,I10,2021-Q3,105.181,EA2021-Q3
Q,EA,,,I10,2021-Q4,105.128,EA2021-Q4
Q,EA,,,I10,2022-Q1,105.267,EA2022-Q1
Q,EA,,,I10,2022-Q2,105.708,EA2022-Q2
Q,EA,,,I10,2022-Q3,105.860,EA2022-Q3
Q,EA,,,I10,2022-Q4,105.423,EA2022-Q4
Q,EA12,,,I10,2010-Q1,98.918,EA122010-Q1
Q,EA12,,,I10,2010-Q2,99.945,EA122010-Q2
Q,EA12,,,I10,2010-Q3,100.344,EA122010-Q3
Q,EA12,,,I10,2010-Q4,100.793,EA122010-Q4
Q,EA12,,,I10,2011-Q1,101.617,EA122011-Q1
Q,EA12,,,I10,2011-Q2,101.497,EA122011-Q2
Q,EA12,,,I10,2011-Q3,101.770,EA122011-Q3
Q,EA12,,,I10,2011-Q4,101.502,EA122011-Q4
Q,EA12,,,I10,2012-Q1,101.249,EA122012-Q1
Q,EA12,,,I10,2012-Q2,101.085,EA122012-Q2
Q,EA12,,,I10,2012-Q3,101.172,EA122012-Q3
Q,EA12,,,I10,2012-Q4,100.969,EA122012-Q4
Q,EA12,,,I10,2013-Q1,100.838,EA122013-Q1
Q,EA12,,,I10,2013-Q2,101.480,EA122013-Q2
Q,EA12,,,I10,2013-Q3,101.675,EA122013-Q3
Q,EA12,,,I10,2013-Q4,101.790,EA122013-Q4
Q,EA12,,,I10,2014-Q1,102.002,EA122014-Q1
Q,EA12,,,I10,2014-Q2,101.929,EA122014-Q2
Q,EA12,,,I10,2014-Q3,102.134,EA122014-Q3
Q,EA12,,,I10,2014-Q4,102.339,EA122014-Q4
Q,EA12,,,I10,2015-Q1,102.894,EA122015-Q1
Q,EA12,,,I10,2015-Q2,103.052,EA122015-Q2
Q,EA12,,,I10,2015-Q3,103.055,EA122015-Q3
Q,EA12,,,I10,2015-Q4,103.201,EA122015-Q4
Q,EA12,,,I10,2016-Q1,103.465,EA122016-Q1
Q,EA12,,,I10,2016-Q2,103.249,EA122016-Q2
Q,EA12,,,I10,2016-Q3,103.395,EA122016-Q3
Q,EA12,,,I10,2016-Q4,103.855,EA122016-Q4
Q,EA12,,,I10,2017-Q1,104.131,EA122017-Q1
Q,EA12,,,I10,2017-Q2,104.524,EA122017-Q2
Q,EA12,,,I10,2017-Q3,104.829,EA122017-Q3
Q,EA12,,,I10,2017-Q4,105.330,EA122017-Q4
Q,EA12,,,I10,2018-Q1,104.810,EA122018-Q1
Q,EA12,,,I10,2018-Q2,104.864,EA122018-Q2
Q,EA12,,,I10,2018-Q3,104.529,EA122018-Q3
Q,EA12,,,I10,2018-Q4,104.975,EA122018-Q4
Q,EA12,,,I10,2019-Q1,105.068,EA122019-Q1
Q,EA12,,,I10,2019-Q2,105.079,EA122019-Q2
Q,EA12,,,I10,2019-Q3,105.084,EA122019-Q3
Q,EA12,,,I10,2019-Q4,104.945,EA122019-Q4
Q,EA12,,,I10,2020-Q1,101.481,EA122020-Q1
Q,EA12,,,I10,2020-Q2,92.722,EA122020-Q2
Q,EA12,,,I10,2020-Q3,102.842,EA122020-Q3
Q,EA12,,,I10,2020-Q4,102.159,EA122020-Q4
Q,EA12,,,I10,2021-Q1,102.609,EA122021-Q1
Q,EA12,,,I10,2021-Q2,103.991,EA122021-Q2
Q,EA12,,,I10,2021-Q3,104.906,EA122021-Q3
Q,EA12,,,I10,2021-Q4,104.848,EA122021-Q4
Q,EA12,,,I10,2022-Q1,105.033,EA122022-Q1
Q,EA12,,,I10,2022-Q2,105.506,EA122022-Q2
Q,EA12,,,I10,2022-Q3,105.673,EA122022-Q3
Q,EA12,,,I10,2022-Q4,105.222,EA122022-Q4
Q,EA12,,,I10,2023-Q1,104.660,EA122023-Q1
Q,EA12,,,I10,2023-Q2,104.639,EA122023-Q2
Q,EA12,,,I10,2023-Q3,104.316,EA122023-Q3
Q,EA12,,,I10,2023-Q4,103.956,EA122023-Q4
Q,EA19,,,I10,2010-Q1,98.923,EA192010-Q1
Q,EA19,,,I10,2010-Q2,99.957,EA192010-Q2
Q,EA19,,,I10,2010-Q3,100.345,EA192010-Q3
Q,EA19,,,I10,2010-Q4,100.775,EA192010-Q4
Q,EA19,,,I10,2011-Q1,101.592,EA192011-Q1
Q,EA19,,,I10,2011-Q2,101.471,EA192011-Q2
Q,EA19,,,I10,2011-Q3,101.736,EA192011-Q3
Q,EA19,,,I10,2011-Q4,101.474,EA192011-Q4
Q,EA19,,,I10,2012-Q1,101.239,EA192012-Q1
Q,EA19,,,I10,2012-Q2,101.067,EA192012-Q2
Q,EA19,,,I10,2012-Q3,101.148,EA192012-Q3
Q,EA19,,,I10,2012-Q4,100.950,EA192012-Q4
Q,EA19,,,I10,2013-Q1,100.815,EA192013-Q1
Q,EA19,,,I10,2013-Q2,101.436,EA192013-Q2
Q,EA19,,,I10,2013-Q3,101.645,EA192013-Q3
Q,EA19,,,I10,2013-Q4,101.781,EA192013-Q4
Q,EA19,,,I10,2014-Q1,101.992,EA192014-Q1
Q,EA19,,,I10,2014-Q2,101.919,EA192014-Q2
Q,EA19,,,I10,2014-Q3,102.129,EA192014-Q3
Q,EA19,,,I10,2014-Q4,102.333,EA192014-Q4
Q,EA19,,,I10,2015-Q1,102.877,EA192015-Q1
Q,EA19,,,I10,2015-Q2,103.049,EA192015-Q2
Q,EA19,,,I10,2015-Q3,103.051,EA192015-Q3
Q,EA19,,,I10,2015-Q4,103.200,EA192015-Q4
Q,EA19,,,I10,2016-Q1,103.449,EA192016-Q1
Q,EA19,,,I10,2016-Q2,103.237,EA192016-Q2
Q,EA19,,,I10,2016-Q3,103.392,EA192016-Q3
Q,EA19,,,I10,2016-Q4,103.856,EA192016-Q4
Q,EA19,,,I10,2017-Q1,104.144,EA192017-Q1
Q,EA19,,,I10,2017-Q2,104.544,EA192017-Q2
Q,EA19,,,I10,2017-Q3,104.851,EA192017-Q3
Q,EA19,,,I10,2017-Q4,105.339,EA192017-Q4
Q,EA19,,,I10,2018-Q1,104.846,EA192018-Q1
Q,EA19,,,I10,2018-Q2,104.912,EA192018-Q2
Q,EA19,,,I10,2018-Q3,104.588,EA192018-Q3
Q,EA19,,,I10,2018-Q4,105.033,EA192018-Q4
Q,EA19,,,I10,2019-Q1,105.148,EA192019-Q1
Q,EA19,,,I10,2019-Q2,105.170,EA192019-Q2
Q,EA19,,,I10,2019-Q3,105.179,EA192019-Q3
Q,EA19,,,I10,2019-Q4,105.058,EA192019-Q4
Q,EA19,,,I10,2020-Q1,101.630,EA192020-Q1
Q,EA19,,,I10,2020-Q2,92.914,EA192020-Q2
Q,EA19,,,I10,2020-Q3,103.017,EA192020-Q3
Q,EA19,,,I10,2020-Q4,102.376,EA192020-Q4
Q,EA19,,,I10,2021-Q1,102.884,EA192021-Q1
Q,EA19,,,I10,2021-Q2,104.249,EA192021-Q2
Q,EA19,,,I10,2021-Q3,105.181,EA192021-Q3
Q,EA19,,,I10,2021-Q4,105.131,EA192021-Q4
Q,EA19,,,I10,2022-Q1,105.273,EA192022-Q1
Q,EA19,,,I10,2022-Q2,105.710,EA192022-Q2
Q,EA19,,,I10,2022-Q3,105.860,EA192022-Q3
Q,EA19,,,I10,2022-Q4,105.423,EA192022-Q4
Q,EA19,,,I10,2023-Q1,104.867,EA192023-Q1
Q,EA19,,,I10,2023-Q2,104.860,EA192023-Q2
Q,EA19,,,I10,2023-Q3,104.542,EA192023-Q3
Q,EA19,,,I10,2023-Q4,104.201,EA192023-Q4
Q,EA20,,,I10,2010-Q1,98.899,EA202010-Q1
Q,EA20,,,I10,2010-Q2,99.963,EA202010-Q2
Q,EA20,,,I10,2010-Q3,100.365,EA202010-Q3
Q,EA20,,,I10,2010-Q4,100.773,EA202010-Q4
Q,EA20,,,I10,2011-Q1,101.600,EA202011-Q1
Q,EA20,,,I10,2011-Q2,101.525,EA202011-Q2
Q,EA20,,,I10,2011-Q3,101.779,EA202011-Q3
Q,EA20,,,I10,2011-Q4,101.518,EA202011-Q4
Q,EA20,,,I10,2012-Q1,101.298,EA202012-Q1
Q,EA20,,,I10,2012-Q2,101.119,EA202012-Q2
Q,EA20,,,I10,2012-Q3,101.202,EA202012-Q3
Q,EA20,,,I10,2012-Q4,101.042,EA202012-Q4
Q,EA20,,,I10,2013-Q1,100.911,EA202013-Q1
Q,EA20,,,I10,2013-Q2,101.522,EA202013-Q2
Q,EA20,,,I10,2013-Q3,101.741,EA202013-Q3
Q,EA20,,,I10,2013-Q4,101.856,EA202013-Q4
Q,EA20,,,I10,2014-Q1,102.057,EA202014-Q1
Q,EA20,,,I10,2014-Q2,101.992,EA202014-Q2
Q,EA20,,,I10,2014-Q3,102.174,EA202014-Q3
Q,EA20,,,I10,2014-Q4,102.396,EA202014-Q4
Q,EA20,,,I10,2015-Q1,102.926,EA202015-Q1
Q,EA20,,,I10,2015-Q2,103.112,EA202015-Q2
Q,EA20,,,I10,2015-Q3,103.124,EA202015-Q3
Q,EA20,,,I10,2015-Q4,103.260,EA202015-Q4
Q,EA20,,,I10,2016-Q1,103.529,EA202016-Q1
Q,EA20,,,I10,2016-Q2,103.316,EA202016-Q2
Q,EA20,,,I10,2016-Q3,103.473,EA202016-Q3
Q,EA20,,,I10,2016-Q4,103.941,EA202016-Q4
Q,EA20,,,I10,2017-Q1,104.242,EA202017-Q1
Q,EA20,,,I10,2017-Q2,104.623,EA202017-Q2
Q,EA20,,,I10,2017-Q3,104.916,EA202017-Q3
Q,EA20,,,I10,2017-Q4,105.399,EA202017-Q4
Q,EA20,,,I10,2018-Q1,104.910,EA202018-Q1
Q,EA20,,,I10,2018-Q2,104.982,EA202018-Q2
Q,EA20,,,I10,2018-Q3,104.662,EA202018-Q3
Q,EA20,,,I10,2018-Q4,105.109,EA202018-Q4
Q,EA20,,,I10,2019-Q1,105.201,EA202019-Q1
Q,EA20,,,I10,2019-Q2,105.240,EA202019-Q2
Q,EA20,,,I10,2019-Q3,105.245,EA202019-Q3
Q,EA20,,,I10,2019-Q4,105.113,EA202019-Q4
Q,EA20,,,I10,2020-Q1,101.693,EA202020-Q1
Q,EA20,,,I10,2020-Q2,92.945,EA202020-Q2
Q,EA20,,,I10,2020-Q3,103.034,EA202020-Q3
Q,EA20,,,I10,2020-Q4,102.440,EA202020-Q4
Q,EA20,,,I10,2021-Q1,102.977,EA202021-Q1
Q,EA20,,,I10,2021-Q2,104.318,EA202021-Q2
Q,EA20,,,I10,2021-Q3,105.263,EA202021-Q3
Q,EA20,,,I10,2021-Q4,105.217,EA202021-Q4
Q,EA20,,,I10,2022-Q1,105.374,EA202022-Q1
Q,EA20,,,I10,2022-Q2,105.808,EA202022-Q2
Q,EA20,,,I10,2022-Q3,105.954,EA202022-Q3
Q,EA20,,,I10,2022-Q4,105.518,EA202022-Q4
Q,EA20,,,I10,2023-Q1,104.963,EA202023-Q1
Q,EA20,,,I10,2023-Q2,104.966,EA202023-Q2
Q,EA20,,,I10,2023-Q3,104.645,EA202023-Q3
Q,EA20,,,I10,2023-Q4,104.311,EA202023-Q4
Q,EE,,,I10,2010-Q1,98.703,EE2010-Q1
Q,EE,,,I10,2010-Q2,100.102,EE2010-Q2
Q,EE,,,I10,2010-Q3,101.057,EE2010-Q3
Q,EE,,,I10,2010-Q4,100.138,EE2010-Q4
Q,EE,,,I10,2011-Q1,99.977,EE2011-Q1
Q,EE,,,I10,2011-Q2,100.681,EE2011-Q2
Q,EE,,,I10,2011-Q3,100.257,EE2011-Q3
Q,EE,,,I10,2011-Q4,101.216,EE2011-Q4
Q,EE,,,I10,2012-Q1,101.483,EE2012-Q1
Q,EE,,,I10,2012-Q2,101.785,EE2012-Q2
Q,EE,,,I10,2012-Q3,101.615,EE2012-Q3
Q,EE,,,I10,2012-Q4,103.602,EE2012-Q4
Q,EE,,,I10,2013-Q1,102.772,EE2013-Q1
Q,EE,,,I10,2013-Q2,100.804,EE2013-Q2
Q,EE,,,I10,2013-Q3,102.179,EE2013-Q3
Q,EE,,,I10,2013-Q4,103.342,EE2013-Q4
Q,EE,,,I10,2014-Q1,105.049,EE2014-Q1
Q,EE,,,I10,2014-Q2,102.754,EE2014-Q2
Q,EE,,,I10,2014-Q3,104.307,EE2014-Q3
Q,EE,,,I10,2014-Q4,105.183,EE2014-Q4
Q,EE,,,I10,2015-Q1,103.251,EE2015-Q1
Q,EE,,,I10,2015-Q2,104.101,EE2015-Q2
Q,EE,,,I10,2015-Q3,102.703,EE2015-Q3
Q,EE,,,I10,2015-Q4,105.080,EE2015-Q4
Q,EE,,,I10,2016-Q1,106.642,EE2016-Q1
Q,EE,,,I10,2016-Q2,104.075,EE2016-Q2
Q,EE,,,I10,2016-Q3,106.264,EE2016-Q3
Q,EE,,,I10,2016-Q4,109.723,EE2016-Q4
Q,EE,,,I10,2017-Q1,108.811,EE2017-Q1
Q,EE,,,I10,2017-Q2,110.392,EE2017-Q2
Q,EE,,,I10,2017-Q3,109.258,EE2017-Q3
Q,EE,,,I10,2017-Q4,109.902,EE2017-Q4
Q,EE,,,I10,2018-Q1,112.630,EE2018-Q1
Q,EE,,,I10,2018-Q2,111.308,EE2018-Q2
Q,EE,,,I10,2018-Q3,113.801,EE2018-Q3
Q,EE,,,I10,2018-Q4,113.176,EE2018-Q4
Q,EE,,,I10,2019-Q1,116.025,EE2019-Q1
Q,EE,,,I10,2019-Q2,116.426,EE2019-Q2
Q,EE,,,I10,2019-Q3,115.658,EE2019-Q3
Q,EE,,,I10,2019-Q4,114.662,EE2019-Q4
Q,EE,,,I10,2020-Q1,116.065,EE2020-Q1
Q,EE,,,I10,2020-Q2,114.426,EE2020-Q2
Q,EE,,,I10,2020-Q3,120.331,EE2020-Q3
Q,EE,,,I10,2020-Q4,121.559,EE2020-Q4
Q,EE,,,I10,2021-Q1,125.614,EE2021-Q1
Q,EE,,,I10,2021-Q2,128.823,EE2021-Q2
Q,EE,,,I10,2021-Q3,125.791,EE2021-Q3
Q,EE,,,I10,2021-Q4,126.295,EE2021-Q4
Q,EE,,,I10,2022-Q1,122.654,EE2022-Q1
Q,EE,,,I10,2022-Q2,121.305,EE2022-Q2
Q,EE,,,I10,2022-Q3,120.184,EE2022-Q3
Q,EE,,,I10,2022-Q4,117.828,EE2022-Q4
Q,EE,,,I10,2023-Q1,112.317,EE2023-Q1
Q,EE,,,I10,2023-Q2,113.762,EE2023-Q2
Q,EE,,,I10,2023-Q3,113.907,EE2023-Q3
Q,EE,,,I10,2023-Q4,112.388,EE2023-Q4
Q,EL,,,I10,2010-Q1,103.240,EL2010-Q1
Q,EL,,,I10,2010-Q2,100.378,EL2010-Q2
Q,EL,,,I10,2010-Q3,97.975,EL2010-Q3
Q,EL,,,I10,2010-Q4,98.407,EL2010-Q4
Q,EL,,,I10,2011-Q1,95.097,EL2011-Q1
Q,EL,,,I10,2011-Q2,94.282,EL2011-Q2
Q,EL,,,I10,2011-Q3,94.017,EL2011-Q3
Q,EL,,,I10,2011-Q4,91.790,EL2011-Q4
Q,EL,,,I10,2012-Q1,90.964,EL2012-Q1
Q,EL,,,I10,2012-Q2,90.977,EL2012-Q2
Q,EL,,,I10,2012-Q3,90.661,EL2012-Q3
Q,EL,,,I10,2012-Q4,90.283,EL2012-Q4
Q,EL,,,I10,2013-Q1,89.425,EL2013-Q1
Q,EL,,,I10,2013-Q2,89.361,EL2013-Q2
Q,EL,,,I10,2013-Q3,88.683,EL2013-Q3
Q,EL,,,I10,2013-Q4,88.365,EL2013-Q4
Q,EL,,,I10,2014-Q1,87.407,EL2014-Q1
Q,EL,,,I10,2014-Q2,86.370,EL2014-Q2
Q,EL,,,I10,2014-Q3,86.311,EL2014-Q3
Q,EL,,,I10,2014-Q4,85.631,EL2014-Q4
Q,EL,,,I10,2015-Q1,89.562,EL2015-Q1
Q,EL,,,I10,2015-Q2,89.373,EL2015-Q2
Q,EL,,,I10,2015-Q3,87.816,EL2015-Q3
Q,EL,,,I10,2015-Q4,88.280,EL2015-Q4
Q,EL,,,I10,2016-Q1,85.849,EL2016-Q1
Q,EL,,,I10,2016-Q2,84.966,EL2016-Q2
Q,EL,,,I10,2016-Q3,84.723,EL2016-Q3
Q,EL,,,I10,2016-Q4,86.283,EL2016-Q4
Q,EL,,,I10,2017-Q1,86.466,EL2017-Q1
Q,EL,,,I10,2017-Q2,86.869,EL2017-Q2
Q,EL,,,I10,2017-Q3,87.511,EL2017-Q3
Q,EL,,,I10,2017-Q4,86.312,EL2017-Q4
Q,EL,,,I10,2018-Q1,85.660,EL2018-Q1
Q,EL,,,I10,2018-Q2,84.450,EL2018-Q2
Q,EL,,,I10,2018-Q3,83.405,EL2018-Q3
Q,EL,,,I10,2018-Q4,83.734,EL2018-Q4
Q,EL,,,I10,2019-Q1,83.522,EL2019-Q1
Q,EL,,,I10,2019-Q2,84.004,EL2019-Q2
Q,EL,,,I10,2019-Q3,83.958,EL2019-Q3
Q,EL,,,I10,2019-Q4,84.498,EL2019-Q4
Q,EL,,,I10,2020-Q1,82.229,EL2020-Q1
Q,EL,,,I10,2020-Q2,73.769,EL2020-Q2
Q,EL,,,I10,2020-Q3,77.543,EL2020-Q3
Q,EL,,,I10,2020-Q4,79.837,EL2020-Q4
Q,EL,,,I10,2021-Q1,85.032,EL2021-Q1
Q,EL,,,I10,2021-Q2,83.235,EL2021-Q2
Q,EL,,,I10,2021-Q3,83.358,EL2021-Q3
Q,EL,,,I10,2021-Q4,83.441,EL2021-Q4
Q,EL,,,I10,2022-Q1,85.910,EL2022-Q1
Q,EL,,,I10,2022-Q2,86.088,EL2022-Q2
Q,EL,,,I10,2022-Q3,86.320,EL2022-Q3
Q,EL,,,I10,2022-Q4,86.743,EL2022-Q4
Q,EL,,,I10,2023-Q1,86.704,EL2023-Q1
Q,EL,,,I10,2023-Q2,87.490,EL2023-Q2
Q,EL,,,I10,2023-Q3,87.307,EL2023-Q3
Q,EL,,,I10,2023-Q4,86.998,EL2023-Q4
Q,ES,,,I10,2010-Q1,99.377,ES2010-Q1
Q,ES,,,I10,2010-Q2,100.013,ES2010-Q2
Q,ES,,,I10,2010-Q3,100.150,ES2010-Q3
Q,ES,,,I10,2010-Q4,100.460,ES2010-Q4
Q,ES,,,I10,2011-Q1,101.352,ES2011-Q1
Q,ES,,,I10,2011-Q2,101.479,ES2011-Q2
Q,ES,,,I10,2011-Q3,102.056,ES2011-Q3
Q,ES,,,I10,2011-Q4,102.196,ES2011-Q4
Q,ES,,,I10,2012-Q1,102.564,ES2012-Q1
Q,ES,,,I10,2012-Q2,102.516,ES2012-Q2
Q,ES,,,I10,2012-Q3,103.108,ES2012-Q3
Q,ES,,,I10,2012-Q4,103.362,ES2012-Q4
Q,ES,,,I10,2013-Q1,103.684,ES2013-Q1
Q,ES,,,I10,2013-Q2,103.976,ES2013-Q2
Q,ES,,,I10,2013-Q3,104.018,ES2013-Q3
Q,ES,,,I10,2013-Q4,104.232,ES2013-Q4
Q,ES,,,I10,2014-Q1,104.562,ES2014-Q1
Q,ES,,,I10,2014-Q2,104.103,ES2014-Q2
Q,ES,,,I10,2014-Q3,104.313,ES2014-Q3
Q,ES,,,I10,2014-Q4,104.402,ES2014-Q4
Q,ES,,,I10,2015-Q1,104.978,ES2015-Q1
Q,ES,,,I10,2015-Q2,105.165,ES2015-Q2
Q,ES,,,I10,2015-Q3,105.491,ES2015-Q3
Q,ES,,,I10,2015-Q4,105.963,ES2015-Q4
Q,ES,,,I10,2016-Q1,106.225,ES2016-Q1
Q,ES,,,I10,2016-Q2,106.164,ES2016-Q2
Q,ES,,,I10,2016-Q3,106.447,ES2016-Q3
Q,ES,,,I10,2016-Q4,106.500,ES2016-Q4
Q,ES,,,I10,2017-Q1,106.542,ES2017-Q1
Q,ES,,,I10,2017-Q2,106.814,ES2017-Q2
Q,ES,,,I10,2017-Q3,106.643,ES2017-Q3
Q,ES,,,I10,2017-Q4,106.771,ES2017-Q4
Q,ES,,,I10,2018-Q1,106.937,ES2018-Q1
Q,ES,,,I10,2018-Q2,106.816,ES2018-Q2
Q,ES,,,I10,2018-Q3,106.624,ES2018-Q3
Q,ES,,,I10,2018-Q4,106.737,ES2018-Q4
Q,ES,,,I10,2019-Q1,106.290,ES2019-Q1
Q,ES,,,I10,2019-Q2,106.148,ES2019-Q2
Q,ES,,,I10,2019-Q3,106.193,ES2019-Q3
Q,ES,,,I10,2019-Q4,105.754,ES2019-Q4
Q,ES,,,I10,2020-Q1,101.221,ES2020-Q1
Q,ES,,,I10,2020-Q2,89.877,ES2020-Q2
Q,ES,,,I10,2020-Q3,101.536,ES2020-Q3
Q,ES,,,I10,2020-Q4,100.390,ES2020-Q4
Q,ES,,,I10,2021-Q1,100.190,ES2021-Q1
Q,ES,,,I10,2021-Q2,102.744,ES2021-Q2
Q,ES,,,I10,2021-Q3,102.715,ES2021-Q3
Q,ES,,,I10,2021-Q4,103.579,ES2021-Q4
Q,ES,,,I10,2022-Q1,103.233,ES2022-Q1
Q,ES,,,I10,2022-Q2,106.540,ES2022-Q2
Q,ES,,,I10,2022-Q3,105.980,ES2022-Q3
Q,ES,,,I10,2022-Q4,105.840,ES2022-Q4
Q,ES,,,I10,2023-Q1,104.762,ES2023-Q1
Q,ES,,,I10,2023-Q2,105.303,ES2023-Q2
Q,ES,,,I10,2023-Q3,104.438,ES2023-Q3
Q,ES,,,I10,2023-Q4,104.305,ES2023-Q4
Q,ES,,,I10,2024-Q1,104.068,ES2024-Q1
Q,EU15,,,I10,2010-Q1,99.007,EU152010-Q1
Q,EU15,,,I10,2010-Q2,99.942,EU152010-Q2
Q,EU15,,,I10,2010-Q3,100.314,EU152010-Q3
Q,EU15,,,I10,2010-Q4,100.737,EU152010-Q4
Q,EU15,,,I10,2011-Q1,101.382,EU152011-Q1
Q,EU15,,,I10,2011-Q2,101.314,EU152011-Q2
Q,EU15,,,I10,2011-Q3,101.686,EU152011-Q3
Q,EU15,,,I10,2011-Q4,101.428,EU152011-Q4
Q,EU15,,,I10,2012-Q1,101.286,EU152012-Q1
Q,EU15,,,I10,2012-Q2,101.023,EU152012-Q2
Q,EU15,,,I10,2012-Q3,101.236,EU152012-Q3
Q,EU15,,,I10,2012-Q4,100.924,EU152012-Q4
Q,EU15,,,I10,2013-Q1,101.022,EU152013-Q1
Q,EU15,,,I10,2013-Q2,101.594,EU152013-Q2
Q,EU15,,,I10,2013-Q3,101.831,EU152013-Q3
Q,EU15,,,I10,2013-Q4,101.938,EU152013-Q4
Q,EU15,,,I10,2014-Q1,102.123,EU152014-Q1
Q,EU15,,,I10,2014-Q2,102.085,EU152014-Q2
Q,EU15,,,I10,2014-Q3,102.306,EU152014-Q3
Q,EU15,,,I10,2014-Q4,102.529,EU152014-Q4
Q,EU15,,,I10,2015-Q1,102.983,EU152015-Q1
Q,EU15,,,I10,2015-Q2,103.296,EU152015-Q2
Q,EU15,,,I10,2015-Q3,103.267,EU152015-Q3
Q,EU15,,,I10,2015-Q4,103.386,EU152015-Q4
Q,EU15,,,I10,2016-Q1,103.599,EU152016-Q1
Q,EU15,,,I10,2016-Q2,103.425,EU152016-Q2
Q,EU15,,,I10,2016-Q3,103.566,EU152016-Q3
Q,EU15,,,I10,2016-Q4,104.023,EU152016-Q4
Q,EU15,,,I10,2017-Q1,104.262,EU152017-Q1
Q,EU15,,,I10,2017-Q2,104.593,EU152017-Q2
Q,EU15,,,I10,2017-Q3,104.903,EU152017-Q3
Q,EU15,,,I10,2017-Q4,105.307,EU152017-Q4
Q,EU15,,,I10,2018-Q1,104.809,EU152018-Q1
Q,EU15,,,I10,2018-Q2,104.927,EU152018-Q2
Q,EU15,,,I10,2018-Q3,104.713,EU152018-Q3
Q,EU15,,,I10,2018-Q4,105.042,EU152018-Q4
Q,EU15,,,I10,2019-Q1,105.146,EU152019-Q1
Q,EU15,,,I10,2019-Q2,105.157,EU152019-Q2
Q,EU15,,,I10,2019-Q3,105.276,EU152019-Q3
Q,EU15,,,I10,2019-Q4,105.076,EU152019-Q4
Q,EU27_2020,,,I10,2010-Q1,98.905,EU27_20202010-Q1
Q,EU27_2020,,,I10,2010-Q2,99.852,EU27_20202010-Q2
Q,EU27_2020,,,I10,2010-Q3,100.348,EU27_20202010-Q3
Q,EU27_2020,,,I10,2010-Q4,100.895,EU27_20202010-Q4
Q,EU27_2020,,,I10,2011-Q1,101.722,EU27_20202011-Q1
Q,EU27_2020,,,I10,2011-Q2,101.823,EU27_20202011-Q2
Q,EU27_2020,,,I10,2011-Q3,102.145,EU27_20202011-Q3
Q,EU27_2020,,,I10,2011-Q4,101.824,EU27_20202011-Q4
Q,EU27_2020,,,I10,2012-Q1,101.647,EU27_20202012-Q1
Q,EU27_2020,,,I10,2012-Q2,101.429,EU27_20202012-Q2
Q,EU27_2020,,,I10,2012-Q3,101.463,EU27_20202012-Q3
Q,EU27_2020,,,I10,2012-Q4,101.242,EU27_20202012-Q4
Q,EU27_2020,,,I10,2013-Q1,101.244,EU27_20202013-Q1
Q,EU27_2020,,,I10,2013-Q2,101.745,EU27_20202013-Q2
Q,EU27_2020,,,I10,2013-Q3,102.050,EU27_20202013-Q3
Q,EU27_2020,,,I10,2013-Q4,102.167,EU27_20202013-Q4
Q,EU27_2020,,,I10,2014-Q1,102.301,EU27_20202014-Q1
Q,EU27_2020,,,I10,2014-Q2,102.325,EU27_20202014-Q2
Q,EU27_2020,,,I10,2014-Q3,102.547,EU27_20202014-Q3
Q,EU27_2020,,,I10,2014-Q4,102.816,EU27_20202014-Q4
Q,EU27_2020,,,I10,2015-Q1,103.517,EU27_20202015-Q1
Q,EU27_2020,,,I10,2015-Q2,103.702,EU27_20202015-Q2
Q,EU27_2020,,,I10,2015-Q3,103.769,EU27_20202015-Q3
Q,EU27_2020,,,I10,2015-Q4,103.916,EU27_20202015-Q4
Q,EU27_2020,,,I10,2016-Q1,104.257,EU27_20202016-Q1
Q,EU27_2020,,,I10,2016-Q2,104.145,EU27_20202016-Q2
Q,EU27_2020,,,I10,2016-Q3,104.350,EU27_20202016-Q3
Q,EU27_2020,,,I10,2016-Q4,104.826,EU27_20202016-Q4
Q,EU27_2020,,,I10,2017-Q1,105.182,EU27_20202017-Q1
Q,EU27_2020,,,I10,2017-Q2,105.487,EU27_20202017-Q2
Q,EU27_2020,,,I10,2017-Q3,105.951,EU27_20202017-Q3
Q,EU27_2020,,,I10,2017-Q4,106.557,EU27_20202017-Q4
Q,EU27_2020,,,I10,2018-Q1,106.233,EU27_20202018-Q1
Q,EU27_2020,,,I10,2018-Q2,106.348,EU27_20202018-Q2
Q,EU27_2020,,,I10,2018-Q3,106.192,EU27_20202018-Q3
Q,EU27_2020,,,I10,2018-Q4,106.834,EU27_20202018-Q4
Q,EU27_2020,,,I10,2019-Q1,107.032,EU27_20202019-Q1
Q,EU27_2020,,,I10,2019-Q2,107.082,EU27_20202019-Q2
Q,EU27_2020,,,I10,2019-Q3,107.256,EU27_20202019-Q3
Q,EU27_2020,,,I10,2019-Q4,107.256,EU27_20202019-Q4
Q,EU27_2020,,,I10,2020-Q1,104.087,EU27_20202020-Q1
Q,EU27_2020,,,I10,2020-Q2,95.362,EU27_20202020-Q2
Q,EU27_2020,,,I10,2020-Q3,105.111,EU27_20202020-Q3
Q,EU27_2020,,,I10,2020-Q4,104.675,EU27_20202020-Q4
Q,EU27_2020,,,I10,2021-Q1,105.295,EU27_20202021-Q1
Q,EU27_2020,,,I10,2021-Q2,106.589,EU27_20202021-Q2
Q,EU27_2020,,,I10,2021-Q3,107.677,EU27_20202021-Q3
Q,EU27_2020,,,I10,2021-Q4,107.851,EU27_20202021-Q4
Q,EU27_2020,,,I10,2022-Q1,108.186,EU27_20202022-Q1
Q,EU27_2020,,,I10,2022-Q2,108.541,EU27_20202022-Q2
Q,EU27_2020,,,I10,2022-Q3,108.792,EU27_20202022-Q3
Q,EU27_2020,,,I10,2022-Q4,108.299,EU27_20202022-Q4
Q,EU27_2020,,,I10,2023-Q1,107.893,EU27_20202023-Q1
Q,EU27_2020,,,I10,2023-Q2,107.882,EU27_20202023-Q2
Q,EU27_2020,,,I10,2023-Q3,107.647,EU27_20202023-Q3
Q,EU27_2020,,,I10,2023-Q4,107.397,EU27_20202023-Q4
Q,EU28,,,I10,2010-Q1,98.995,EU282010-Q1
Q,EU28,,,I10,2010-Q2,99.872,EU282010-Q2
Q,EU28,,,I10,2010-Q3,100.316,EU282010-Q3
Q,EU28,,,I10,2010-Q4,100.817,EU282010-Q4
Q,EU28,,,I10,2011-Q1,101.521,EU282011-Q1
Q,EU28,,,I10,2011-Q2,101.617,EU282011-Q2
Q,EU28,,,I10,2011-Q3,102.019,EU282011-Q3
Q,EU28,,,I10,2011-Q4,101.738,EU282011-Q4
Q,EU28,,,I10,2012-Q1,101.637,EU282012-Q1
Q,EU28,,,I10,2012-Q2,101.333,EU282012-Q2
Q,EU28,,,I10,2012-Q3,101.504,EU282012-Q3
Q,EU28,,,I10,2012-Q4,101.219,EU282012-Q4
Q,EU28,,,I10,2013-Q1,101.351,EU282013-Q1
Q,EU28,,,I10,2013-Q2,101.856,EU282013-Q2
Q,EU28,,,I10,2013-Q3,102.186,EU282013-Q3
Q,EU28,,,I10,2013-Q4,102.299,EU282013-Q4
Q,EU28,,,I10,2014-Q1,102.415,EU282014-Q1
Q,EU28,,,I10,2014-Q2,102.456,EU282014-Q2
Q,EU28,,,I10,2014-Q3,102.668,EU282014-Q3
Q,EU28,,,I10,2014-Q4,102.936,EU282014-Q4
Q,EU28,,,I10,2015-Q1,103.518,EU282015-Q1
Q,EU28,,,I10,2015-Q2,103.810,EU282015-Q2
Q,EU28,,,I10,2015-Q3,103.819,EU282015-Q3
Q,EU28,,,I10,2015-Q4,103.950,EU282015-Q4
Q,EU28,,,I10,2016-Q1,104.245,EU282016-Q1
Q,EU28,,,I10,2016-Q2,104.142,EU282016-Q2
Q,EU28,,,I10,2016-Q3,104.326,EU282016-Q3
Q,EU28,,,I10,2016-Q4,104.795,EU282016-Q4
Q,EU28,,,I10,2017-Q1,105.124,EU282017-Q1
Q,EU28,,,I10,2017-Q2,105.360,EU282017-Q2
Q,EU28,,,I10,2017-Q3,105.813,EU282017-Q3
Q,EU28,,,I10,2017-Q4,106.336,EU282017-Q4
Q,EU28,,,I10,2018-Q1,105.986,EU282018-Q1
Q,EU28,,,I10,2018-Q2,106.116,EU282018-Q2
Q,EU28,,,I10,2018-Q3,106.056,EU282018-Q3
Q,EU28,,,I10,2018-Q4,106.549,EU282018-Q4
Q,EU28,,,I10,2019-Q1,106.753,EU282019-Q1
Q,EU28,,,I10,2019-Q2,106.758,EU282019-Q2
Q,EU28,,,I10,2019-Q3,107.008,EU282019-Q3
Q,EU28,,,I10,2019-Q4,106.925,EU282019-Q4
Q,FI,,,I10,2010-Q1,98.051,FI2010-Q1
Q,FI,,,I10,2010-Q2,100.492,FI2010-Q2
Q,FI,,,I10,2010-Q3,99.775,FI2010-Q3
Q,FI,,,I10,2010-Q4,101.683,FI2010-Q4
Q,FI,,,I10,2011-Q1,101.824,FI2011-Q1
Q,FI,,,I10,2011-Q2,101.052,FI2011-Q2
Q,FI,,,I10,2011-Q3,100.828,FI2011-Q3
Q,FI,,,I10,2011-Q4,100.076,FI2011-Q4
Q,FI,,,I10,2012-Q1,99.732,FI2012-Q1
Q,FI,,,I10,2012-Q2,98.847,FI2012-Q2
Q,FI,,,I10,2012-Q3,98.116,FI2012-Q3
Q,FI,,,I10,2012-Q4,98.063,FI2012-Q4
Q,FI,,,I10,2013-Q1,97.634,FI2013-Q1
Q,FI,,,I10,2013-Q2,98.266,FI2013-Q2
Q,FI,,,I10,2013-Q3,99.347,FI2013-Q3
Q,FI,,,I10,2013-Q4,98.953,FI2013-Q4
Q,FI,,,I10,2014-Q1,98.336,FI2014-Q1
Q,FI,,,I10,2014-Q2,98.216,FI2014-Q2
Q,FI,,,I10,2014-Q3,99.041,FI2014-Q3
Q,FI,,,I10,2014-Q4,98.867,FI2014-Q4
Q,FI,,,I10,2015-Q1,98.048,FI2015-Q1
Q,FI,,,I10,2015-Q2,99.433,FI2015-Q2
Q,FI,,,I10,2015-Q3,99.314,FI2015-Q3
Q,FI,,,I10,2015-Q4,100.112,FI2015-Q4
Q,FI,,,I10,2016-Q1,101.018,FI2016-Q1
Q,FI,,,I10,2016-Q2,100.968,FI2016-Q2
Q,FI,,,I10,2016-Q3,101.827,FI2016-Q3
Q,FI,,,I10,2016-Q4,102.415,FI2016-Q4
Q,FI,,,I10,2017-Q1,102.932,FI2017-Q1
Q,FI,,,I10,2017-Q2,103.848,FI2017-Q2
Q,FI,,,I10,2017-Q3,104.031,FI2017-Q3
Q,FI,,,I10,2017-Q4,104.035,FI2017-Q4
Q,FI,,,I10,2018-Q1,103.451,FI2018-Q1
Q,FI,,,I10,2018-Q2,102.556,FI2018-Q2
Q,FI,,,I10,2018-Q3,102.024,FI2018-Q3
Q,FI,,,I10,2018-Q4,101.294,FI2018-Q4
Q,FI,,,I10,2019-Q1,101.748,FI2019-Q1
Q,FI,,,I10,2019-Q2,102.040,FI2019-Q2
Q,FI,,,I10,2019-Q3,102.413,FI2019-Q3
Q,FI,,,I10,2019-Q4,102.124,FI2019-Q4
Q,FI,,,I10,2020-Q1,102.205,FI2020-Q1
Q,FI,,,I10,2020-Q2,99.067,FI2020-Q2
Q,FI,,,I10,2020-Q3,102.730,FI2020-Q3
Q,FI,,,I10,2020-Q4,102.727,FI2020-Q4
Q,FI,,,I10,2021-Q1,102.132,FI2021-Q1
Q,FI,,,I10,2021-Q2,102.326,FI2021-Q2
Q,FI,,,I10,2021-Q3,102.775,FI2021-Q3
Q,FI,,,I10,2021-Q4,102.183,FI2021-Q4
Q,FI,,,I10,2022-Q1,101.084,FI2022-Q1
Q,FI,,,I10,2022-Q2,100.658,FI2022-Q2
Q,FI,,,I10,2022-Q3,99.895,FI2022-Q3
Q,FI,,,I10,2022-Q4,99.348,FI2022-Q4
Q,FI,,,I10,2023-Q1,99.033,FI2023-Q1
Q,FI,,,I10,2023-Q2,98.948,FI2023-Q2
Q,FI,,,I10,2023-Q3,98.453,FI2023-Q3
Q,FI,,,I10,2023-Q4,98.227,FI2023-Q4
Q,FR,,,I10,2010-Q1,99.367,FR2010-Q1
Q,FR,,,I10,2010-Q2,99.777,FR2010-Q2
Q,FR,,,I10,2010-Q3,100.220,FR2010-Q3
Q,FR,,,I10,2010-Q4,100.636,FR2010-Q4
Q,FR,,,I10,2011-Q1,101.505,FR2011-Q1
Q,FR,,,I10,2011-Q2,101.211,FR2011-Q2
Q,FR,,,I10,2011-Q3,101.501,FR2011-Q3
Q,FR,,,I10,2011-Q4,101.649,FR2011-Q4
Q,FR,,,I10,2012-Q1,101.511,FR2012-Q1
Q,FR,,,I10,2012-Q2,101.370,FR2012-Q2
Q,FR,,,I10,2012-Q3,101.603,FR2012-Q3
Q,FR,,,I10,2012-Q4,101.477,FR2012-Q4
Q,FR,,,I10,2013-Q1,101.452,FR2013-Q1
Q,FR,,,I10,2013-Q2,102.178,FR2013-Q2
Q,FR,,,I10,2013-Q3,101.976,FR2013-Q3
Q,FR,,,I10,2013-Q4,102.435,FR2013-Q4
Q,FR,,,I10,2014-Q1,102.181,FR2014-Q1
Q,FR,,,I10,2014-Q2,102.182,FR2014-Q2
Q,FR,,,I10,2014-Q3,102.766,FR2014-Q3
Q,FR,,,I10,2014-Q4,102.673,FR2014-Q4
Q,FR,,,I10,2015-Q1,103.198,FR2015-Q1
Q,FR,,,I10,2015-Q2,103.267,FR2015-Q2
Q,FR,,,I10,2015-Q3,103.339,FR2015-Q3
Q,FR,,,I10,2015-Q4,103.428,FR2015-Q4
Q,FR,,,I10,2016-Q1,103.932,FR2016-Q1
Q,FR,,,I10,2016-Q2,103.339,FR2016-Q2
Q,FR,,,I10,2016-Q3,103.479,FR2016-Q3
Q,FR,,,I10,2016-Q4,103.880,FR2016-Q4
Q,FR,,,I10,2017-Q1,104.264,FR2017-Q1
Q,FR,,,I10,2017-Q2,104.710,FR2017-Q2
Q,FR,,,I10,2017-Q3,105.343,FR2017-Q3
Q,FR,,,I10,2017-Q4,105.716,FR2017-Q4
Q,FR,,,I10,2018-Q1,105.343,FR2018-Q1
Q,FR,,,I10,2018-Q2,105.608,FR2018-Q2
Q,FR,,,I10,2018-Q3,106.051,FR2018-Q3
Q,FR,,,I10,2018-Q4,106.464,FR2018-Q4
Q,FR,,,I10,2019-Q1,106.768,FR2019-Q1
Q,FR,,,I10,2019-Q2,107.022,FR2019-Q2
Q,FR,,,I10,2019-Q3,106.727,FR2019-Q3
Q,FR,,,I10,2019-Q4,105.850,FR2019-Q4
Q,FR,,,I10,2020-Q1,100.228,FR2020-Q1
Q,FR,,,I10,2020-Q2,89.040,FR2020-Q2
Q,FR,,,I10,2020-Q3,102.814,FR2020-Q3
Q,FR,,,I10,2020-Q4,101.407,FR2020-Q4
Q,FR,,,I10,2021-Q1,100.977,FR2021-Q1
Q,FR,,,I10,2021-Q2,100.970,FR2021-Q2
Q,FR,,,I10,2021-Q3,102.728,FR2021-Q3
Q,FR,,,I10,2021-Q4,102.572,FR2021-Q4
Q,FR,,,I10,2022-Q1,101.836,FR2022-Q1
Q,FR,,,I10,2022-Q2,101.730,FR2022-Q2
Q,FR,,,I10,2022-Q3,101.821,FR2022-Q3
Q,FR,,,I10,2022-Q4,101.418,FR2022-Q4
Q,FR,,,I10,2023-Q1,101.148,FR2023-Q1
Q,FR,,,I10,2023-Q2,101.654,FR2023-Q2
Q,FR,,,I10,2023-Q3,101.578,FR2023-Q3
Q,FR,,,I10,2023-Q4,101.563,FR2023-Q4
Q,HR,,,I10,2010-Q1,96.579,HR2010-Q1
Q,HR,,,I10,2010-Q2,100.470,HR2010-Q2
Q,HR,,,I10,2010-Q3,103.345,HR2010-Q3
Q,HR,,,I10,2010-Q4,99.607,HR2010-Q4
Q,HR,,,I10,2011-Q1,99.892,HR2011-Q1
Q,HR,,,I10,2011-Q2,106.532,HR2011-Q2
Q,HR,,,I10,2011-Q3,105.281,HR2011-Q3
Q,HR,,,I10,2011-Q4,104.477,HR2011-Q4
Q,HR,,,I10,2012-Q1,104.751,HR2012-Q1
Q,HR,,,I10,2012-Q2,104.294,HR2012-Q2
Q,HR,,,I10,2012-Q3,104.452,HR2012-Q3
Q,HR,,,I10,2012-Q4,108.485,HR2012-Q4
Q,HR,,,I10,2013-Q1,108.499,HR2013-Q1
Q,HR,,,I10,2013-Q2,108.128,HR2013-Q2
Q,HR,,,I10,2013-Q3,108.962,HR2013-Q3
Q,HR,,,I10,2013-Q4,107.141,HR2013-Q4
Q,HR,,,I10,2014-Q1,105.426,HR2014-Q1
Q,HR,,,I10,2014-Q2,106.167,HR2014-Q2
Q,HR,,,I10,2014-Q3,102.893,HR2014-Q3
Q,HR,,,I10,2014-Q4,105.855,HR2014-Q4
Q,HR,,,I10,2015-Q1,104.880,HR2015-Q1
Q,HR,,,I10,2015-Q2,106.226,HR2015-Q2
Q,HR,,,I10,2015-Q3,108.076,HR2015-Q3
Q,HR,,,I10,2015-Q4,106.211,HR2015-Q4
Q,HR,,,I10,2016-Q1,110.252,HR2016-Q1
Q,HR,,,I10,2016-Q2,109.208,HR2016-Q2
Q,HR,,,I10,2016-Q3,109.743,HR2016-Q3
Q,HR,,,I10,2016-Q4,111.063,HR2016-Q4
Q,HR,,,I10,2017-Q1,112.777,HR2017-Q1
Q,HR,,,I10,2017-Q2,110.841,HR2017-Q2
Q,HR,,,I10,2017-Q3,110.212,HR2017-Q3
Q,HR,,,I10,2017-Q4,110.079,HR2017-Q4
Q,HR,,,I10,2018-Q1,109.735,HR2018-Q1
Q,HR,,,I10,2018-Q2,111.522,HR2018-Q2
Q,HR,,,I10,2018-Q3,111.956,HR2018-Q3
Q,HR,,,I10,2018-Q4,112.297,HR2018-Q4
Q,HR,,,I10,2019-Q1,110.572,HR2019-Q1
Q,HR,,,I10,2019-Q2,113.192,HR2019-Q2
Q,HR,,,I10,2019-Q3,112.761,HR2019-Q3
Q,HR,,,I10,2019-Q4,110.864,HR2019-Q4
Q,HR,,,I10,2020-Q1,108.975,HR2020-Q1
Q,HR,,,I10,2020-Q2,96.488,HR2020-Q2
Q,HR,,,I10,2020-Q3,101.081,HR2020-Q3
Q,HR,,,I10,2020-Q4,109.316,HR2020-Q4
Q,HR,,,I10,2021-Q1,115.285,HR2021-Q1
Q,HR,,,I10,2021-Q2,113.352,HR2021-Q2
Q,HR,,,I10,2021-Q3,116.006,HR2021-Q3
Q,HR,,,I10,2021-Q4,118.071,HR2021-Q4
Q,HR,,,I10,2022-Q1,120.330,HR2022-Q1
Q,HR,,,I10,2022-Q2,121.412,HR2022-Q2
Q,HR,,,I10,2022-Q3,121.742,HR2022-Q3
Q,HR,,,I10,2022-Q4,120.514,HR2022-Q4
Q,HR,,,I10,2023-Q1,121.099,HR2023-Q1
Q,HR,,,I10,2023-Q2,123.736,HR2023-Q2
Q,HR,,,I10,2023-Q3,121.694,HR2023-Q3
Q,HR,,,I10,2023-Q4,123.498,HR2023-Q4
Q,HU,,,I10,2010-Q1,99.714,HU2010-Q1
Q,HU,,,I10,2010-Q2,100.083,HU2010-Q2
Q,HU,,,I10,2010-Q3,100.422,HU2010-Q3
Q,HU,,,I10,2010-Q4,99.782,HU2010-Q4
Q,HU,,,I10,2011-Q1,101.899,HU2011-Q1
Q,HU,,,I10,2011-Q2,101.650,HU2011-Q2
Q,HU,,,I10,2011-Q3,101.293,HU2011-Q3
Q,HU,,,I10,2011-Q4,102.838,HU2011-Q4
Q,HU,,,I10,2012-Q1,100.820,HU2012-Q1
Q,HU,,,I10,2012-Q2,99.564,HU2012-Q2
Q,HU,,,I10,2012-Q3,99.998,HU2012-Q3
Q,HU,,,I10,2012-Q4,99.336,HU2012-Q4
Q,HU,,,I10,2013-Q1,100.001,HU2013-Q1
Q,HU,,,I10,2013-Q2,100.116,HU2013-Q2
Q,HU,,,I10,2013-Q3,101.022,HU2013-Q3
Q,HU,,,I10,2013-Q4,100.638,HU2013-Q4
Q,HU,,,I10,2014-Q1,99.742,HU2014-Q1
Q,HU,,,I10,2014-Q2,100.172,HU2014-Q2
Q,HU,,,I10,2014-Q3,100.037,HU2014-Q3
Q,HU,,,I10,2014-Q4,100.163,HU2014-Q4
Q,HU,,,I10,2015-Q1,101.841,HU2015-Q1
Q,HU,,,I10,2015-Q2,101.328,HU2015-Q2
Q,HU,,,I10,2015-Q3,101.085,HU2015-Q3
Q,HU,,,I10,2015-Q4,101.442,HU2015-Q4
Q,HU,,,I10,2016-Q1,99.568,HU2016-Q1
Q,HU,,,I10,2016-Q2,99.918,HU2016-Q2
Q,HU,,,I10,2016-Q3,99.939,HU2016-Q3
Q,HU,,,I10,2016-Q4,100.237,HU2016-Q4
Q,HU,,,I10,2017-Q1,101.334,HU2017-Q1
Q,HU,,,I10,2017-Q2,102.103,HU2017-Q2
Q,HU,,,I10,2017-Q3,102.548,HU2017-Q3
Q,HU,,,I10,2017-Q4,103.463,HU2017-Q4
Q,HU,,,I10,2018-Q1,104.554,HU2018-Q1
Q,HU,,,I10,2018-Q2,104.946,HU2018-Q2
Q,HU,,,I10,2018-Q3,105.925,HU2018-Q3
Q,HU,,,I10,2018-Q4,106.515,HU2018-Q4
Q,HU,,,I10,2019-Q1,108.406,HU2019-Q1
Q,HU,,,I10,2019-Q2,108.532,HU2019-Q2
Q,HU,,,I10,2019-Q3,110.019,HU2019-Q3
Q,HU,,,I10,2019-Q4,110.658,HU2019-Q4
Q,HU,,,I10,2020-Q1,109.383,HU2020-Q1
Q,HU,,,I10,2020-Q2,97.890,HU2020-Q2
Q,HU,,,I10,2020-Q3,106.840,HU2020-Q3
Q,HU,,,I10,2020-Q4,108.060,HU2020-Q4
Q,HU,,,I10,2021-Q1,109.659,HU2021-Q1
Q,HU,,,I10,2021-Q2,111.233,HU2021-Q2
Q,HU,,,I10,2021-Q3,111.944,HU2021-Q3
Q,HU,,,I10,2021-Q4,113.835,HU2021-Q4
Q,HU,,,I10,2022-Q1,114.988,HU2022-Q1
Q,HU,,,I10,2022-Q2,116.082,HU2022-Q2
Q,HU,,,I10,2022-Q3,114.849,HU2022-Q3
Q,HU,,,I10,2022-Q4,114.097,HU2022-Q4
Q,HU,,,I10,2023-Q1,113.436,HU2023-Q1
Q,HU,,,I10,2023-Q2,113.560,HU2023-Q2
Q,HU,,,I10,2023-Q3,114.422,HU2023-Q3
Q,HU,,,I10,2023-Q4,114.465,HU2023-Q4
Q,IE,,,I10,2010-Q1,98.486,IE2010-Q1
Q,IE,,,I10,2010-Q2,99.094,IE2010-Q2
Q,IE,,,I10,2010-Q3,100.695,IE2010-Q3
Q,IE,,,I10,2010-Q4,101.725,IE2010-Q4
Q,IE,,,I10,2011-Q1,102.450,IE2011-Q1
Q,IE,,,I10,2011-Q2,103.723,IE2011-Q2
Q,IE,,,I10,2011-Q3,103.455,IE2011-Q3
Q,IE,,,I10,2011-Q4,103.143,IE2011-Q4
Q,IE,,,I10,2012-Q1,102.493,IE2012-Q1
Q,IE,,,I10,2012-Q2,105.395,IE2012-Q2
Q,IE,,,I10,2012-Q3,103.443,IE2012-Q3
Q,IE,,,I10,2012-Q4,102.773,IE2012-Q4
Q,IE,,,I10,2013-Q1,100.818,IE2013-Q1
Q,IE,,,I10,2013-Q2,102.436,IE2013-Q2
Q,IE,,,I10,2013-Q3,104.213,IE2013-Q3
Q,IE,,,I10,2013-Q4,101.934,IE2013-Q4
Q,IE,,,I10,2014-Q1,106.469,IE2014-Q1
Q,IE,,,I10,2014-Q2,109.185,IE2014-Q2
Q,IE,,,I10,2014-Q3,108.812,IE2014-Q3
Q,IE,,,I10,2014-Q4,107.680,IE2014-Q4
Q,IE,,,I10,2015-Q1,130.055,IE2015-Q1
Q,IE,,,I10,2015-Q2,124.950,IE2015-Q2
Q,IE,,,I10,2015-Q3,127.233,IE2015-Q3
Q,IE,,,I10,2015-Q4,127.753,IE2015-Q4
Q,IE,,,I10,2016-Q1,123.456,IE2016-Q1
Q,IE,,,I10,2016-Q2,122.918,IE2016-Q2
Q,IE,,,I10,2016-Q3,121.962,IE2016-Q3
Q,IE,,,I10,2016-Q4,134.522,IE2016-Q4
Q,IE,,,I10,2017-Q1,130.211,IE2017-Q1
Q,IE,,,I10,2017-Q2,130.661,IE2017-Q2
Q,IE,,,I10,2017-Q3,136.370,IE2017-Q3
Q,IE,,,I10,2017-Q4,140.621,IE2017-Q4
Q,IE,,,I10,2018-Q1,140.796,IE2018-Q1
Q,IE,,,I10,2018-Q2,142.069,IE2018-Q2
Q,IE,,,I10,2018-Q3,141.931,IE2018-Q3
Q,IE,,,I10,2018-Q4,143.629,IE2018-Q4
Q,IE,,,I10,2019-Q1,142.679,IE2019-Q1
Q,IE,,,I10,2019-Q2,146.077,IE2019-Q2
Q,IE,,,I10,2019-Q3,146.738,IE2019-Q3
Q,IE,,,I10,2019-Q4,147.424,IE2019-Q4
Q,IE,,,I10,2020-Q1,150.788,IE2020-Q1
Q,IE,,,I10,2020-Q2,157.097,IE2020-Q2
Q,IE,,,I10,2020-Q3,168.260,IE2020-Q3
Q,IE,,,I10,2020-Q4,158.983,IE2020-Q4
Q,IE,,,I10,2021-Q1,177.399,IE2021-Q1
Q,IE,,,I10,2021-Q2,174.150,IE2021-Q2
Q,IE,,,I10,2021-Q3,170.884,IE2021-Q3
Q,IE,,,I10,2021-Q4,165.242,IE2021-Q4
Q,IE,,,I10,2022-Q1,172.393,IE2022-Q1
Q,IE,,,I10,2022-Q2,174.626,IE2022-Q2
Q,IE,,,I10,2022-Q3,180.159,IE2022-Q3
Q,IE,,,I10,2022-Q4,178.681,IE2022-Q4
Q,IE,,,I10,2023-Q1,167.032,IE2023-Q1
Q,IE,,,I10,2023-Q2,165.819,IE2023-Q2
Q,IE,,,I10,2023-Q3,160.611,IE2023-Q3
Q,IE,,,I10,2023-Q4,154.292,IE2023-Q4
Q,IS,,,I10,2010-Q1,96.965,IS2010-Q1
Q,IS,,,I10,2010-Q2,100.857,IS2010-Q2
Q,IS,,,I10,2010-Q3,99.068,IS2010-Q3
Q,IS,,,I10,2010-Q4,103.110,IS2010-Q4
Q,IS,,,I10,2011-Q1,98.001,IS2011-Q1
Q,IS,,,I10,2011-Q2,99.969,IS2011-Q2
Q,IS,,,I10,2011-Q3,101.578,IS2011-Q3
Q,IS,,,I10,2011-Q4,103.336,IS2011-Q4
Q,IS,,,I10,2012-Q1,99.058,IS2012-Q1
Q,IS,,,I10,2012-Q2,99.702,IS2012-Q2
Q,IS,,,I10,2012-Q3,99.872,IS2012-Q3
Q,IS,,,I10,2012-Q4,101.071,IS2012-Q4
Q,IS,,,I10,2013-Q1,100.853,IS2013-Q1
Q,IS,,,I10,2013-Q2,101.753,IS2013-Q2
Q,IS,,,I10,2013-Q3,101.372,IS2013-Q3
Q,IS,,,I10,2013-Q4,104.218,IS2013-Q4
Q,IS,,,I10,2014-Q1,100.132,IS2014-Q1
Q,IS,,,I10,2014-Q2,99.765,IS2014-Q2
Q,IS,,,I10,2014-Q3,103.253,IS2014-Q3
Q,IS,,,I10,2014-Q4,102.180,IS2014-Q4
Q,IS,,,I10,2015-Q1,99.852,IS2015-Q1
Q,IS,,,I10,2015-Q2,105.112,IS2015-Q2
Q,IS,,,I10,2015-Q3,103.191,IS2015-Q3
Q,IS,,,I10,2015-Q4,103.241,IS2015-Q4
Q,IS,,,I10,2016-Q1,99.554,IS2016-Q1
Q,IS,,,I10,2016-Q2,105.180,IS2016-Q2
Q,IS,,,I10,2016-Q3,105.594,IS2016-Q3
Q,IS,,,I10,2016-Q4,107.874,IS2016-Q4
Q,IS,,,I10,2017-Q1,102.965,IS2017-Q1
Q,IS,,,I10,2017-Q2,105.115,IS2017-Q2
Q,IS,,,I10,2017-Q3,103.687,IS2017-Q3
Q,IS,,,I10,2017-Q4,106.424,IS2017-Q4
Q,IS,,,I10,2018-Q1,105.459,IS2018-Q1
Q,IS,,,I10,2018-Q2,107.498,IS2018-Q2
Q,IS,,,I10,2018-Q3,105.668,IS2018-Q3
Q,IS,,,I10,2018-Q4,107.334,IS2018-Q4
Q,IS,,,I10,2019-Q1,107.968,IS2019-Q1
Q,IS,,,I10,2019-Q2,108.939,IS2019-Q2
Q,IS,,,I10,2019-Q3,107.165,IS2019-Q3
Q,IS,,,I10,2019-Q4,110.262,IS2019-Q4
Q,IS,,,I10,2020-Q1,105.428,IS2020-Q1
Q,IS,,,I10,2020-Q2,101.709,IS2020-Q2
Q,IS,,,I10,2020-Q3,106.455,IS2020-Q3
Q,IS,,,I10,2020-Q4,110.735,IS2020-Q4
Q,IS,,,I10,2021-Q1,108.796,IS2021-Q1
Q,IS,,,I10,2021-Q2,110.040,IS2021-Q2
Q,IS,,,I10,2021-Q3,111.480,IS2021-Q3
Q,IS,,,I10,2021-Q4,109.627,IS2021-Q4
Q,IS,,,I10,2022-Q1,109.930,IS2022-Q1
Q,IS,,,I10,2022-Q2,113.018,IS2022-Q2
Q,IS,,,I10,2022-Q3,111.406,IS2022-Q3
Q,IS,,,I10,2022-Q4,112.910,IS2022-Q4
Q,IS,,,I10,2023-Q1,112.338,IS2023-Q1
Q,IS,,,I10,2023-Q2,112.743,IS2023-Q2
Q,IS,,,I10,2023-Q3,109.234,IS2023-Q3
Q,IS,,,I10,2023-Q4,109.248,IS2023-Q4
Q,IT,,,I10,2010-Q1,98.729,IT2010-Q1
Q,IT,,,I10,2010-Q2,100.013,IT2010-Q2
Q,IT,,,I10,2010-Q3,100.639,IT2010-Q3
Q,IT,,,I10,2010-Q4,100.619,IT2010-Q4
Q,IT,,,I10,2011-Q1,100.858,IT2011-Q1
Q,IT,,,I10,2011-Q2,101.011,IT2011-Q2
Q,IT,,,I10,2011-Q3,100.680,IT2011-Q3
Q,IT,,,I10,2011-Q4,99.858,IT2011-Q4
Q,IT,,,I10,2012-Q1,98.667,IT2012-Q1
Q,IT,,,I10,2012-Q2,97.686,IT2012-Q2
Q,IT,,,I10,2012-Q3,97.587,IT2012-Q3
Q,IT,,,I10,2012-Q4,97.381,IT2012-Q4
Q,IT,,,I10,2013-Q1,97.202,IT2013-Q1
Q,IT,,,I10,2013-Q2,97.695,IT2013-Q2
Q,IT,,,I10,2013-Q3,98.179,IT2013-Q3
Q,IT,,,I10,2013-Q4,97.958,IT2013-Q4
Q,IT,,,I10,2014-Q1,97.962,IT2014-Q1
Q,IT,,,I10,2014-Q2,97.956,IT2014-Q2
Q,IT,,,I10,2014-Q3,97.799,IT2014-Q3
Q,IT,,,I10,2014-Q4,97.360,IT2014-Q4
Q,IT,,,I10,2015-Q1,97.641,IT2015-Q1
Q,IT,,,I10,2015-Q2,98.075,IT2015-Q2
Q,IT,,,I10,2015-Q3,97.529,IT2015-Q3
Q,IT,,,I10,2015-Q4,97.756,IT2015-Q4
Q,IT,,,I10,2016-Q1,97.797,IT2016-Q1
Q,IT,,,I10,2016-Q2,97.407,IT2016-Q2
Q,IT,,,I10,2016-Q3,98.056,IT2016-Q3
Q,IT,,,I10,2016-Q4,98.013,IT2016-Q4
Q,IT,,,I10,2017-Q1,97.991,IT2017-Q1
Q,IT,,,I10,2017-Q2,98.363,IT2017-Q2
Q,IT,,,I10,2017-Q3,98.256,IT2017-Q3
Q,IT,,,I10,2017-Q4,98.911,IT2017-Q4
Q,IT,,,I10,2018-Q1,98.466,IT2018-Q1
Q,IT,,,I10,2018-Q2,97.838,IT2018-Q2
Q,IT,,,I10,2018-Q3,98.089,IT2018-Q3
Q,IT,,,I10,2018-Q4,98.554,IT2018-Q4
Q,IT,,,I10,2019-Q1,98.312,IT2019-Q1
Q,IT,,,I10,2019-Q2,98.164,IT2019-Q2
Q,IT,,,I10,2019-Q3,98.271,IT2019-Q3
Q,IT,,,I10,2019-Q4,98.035,IT2019-Q4
Q,IT,,,I10,2020-Q1,92.302,IT2020-Q1
Q,IT,,,I10,2020-Q2,84.001,IT2020-Q2
Q,IT,,,I10,2020-Q3,94.861,IT2020-Q3
Q,IT,,,I10,2020-Q4,93.810,IT2020-Q4
Q,IT,,,I10,2021-Q1,95.515,IT2021-Q1
Q,IT,,,I10,2021-Q2,97.293,IT2021-Q2
Q,IT,,,I10,2021-Q3,99.241,IT2021-Q3
Q,IT,,,I10,2021-Q4,99.731,IT2021-Q4
Q,IT,,,I10,2022-Q1,99.896,IT2022-Q1
Q,IT,,,I10,2022-Q2,100.170,IT2022-Q2
Q,IT,,,I10,2022-Q3,100.799,IT2022-Q3
Q,IT,,,I10,2022-Q4,100.020,IT2022-Q4
Q,IT,,,I10,2023-Q1,99.542,IT2023-Q1
Q,IT,,,I10,2023-Q2,99.397,IT2023-Q2
Q,IT,,,I10,2023-Q3,99.686,IT2023-Q3
Q,IT,,,I10,2023-Q4,99.092,IT2023-Q4
Q,IT,,,I10,2024-Q1,98.952,IT2024-Q1
Q,LT,,,I10,2010-Q1,98.046,LT2010-Q1
Q,LT,,,I10,2010-Q2,100.118,LT2010-Q2
Q,LT,,,I10,2010-Q3,100.393,LT2010-Q3
Q,LT,,,I10,2010-Q4,101.442,LT2010-Q4
Q,LT,,,I10,2011-Q1,104.340,LT2011-Q1
Q,LT,,,I10,2011-Q2,105.008,LT2011-Q2
Q,LT,,,I10,2011-Q3,106.274,LT2011-Q3
Q,LT,,,I10,2011-Q4,106.501,LT2011-Q4
Q,LT,,,I10,2012-Q1,106.411,LT2012-Q1
Q,LT,,,I10,2012-Q2,106.440,LT2012-Q2
Q,LT,,,I10,2012-Q3,108.215,LT2012-Q3
Q,LT,,,I10,2012-Q4,109.053,LT2012-Q4
Q,LT,,,I10,2013-Q1,108.935,LT2013-Q1
Q,LT,,,I10,2013-Q2,109.070,LT2013-Q2
Q,LT,,,I10,2013-Q3,110.370,LT2013-Q3
Q,LT,,,I10,2013-Q4,111.129,LT2013-Q4
Q,LT,,,I10,2014-Q1,111.559,LT2014-Q1
Q,LT,,,I10,2014-Q2,111.852,LT2014-Q2
Q,LT,,,I10,2014-Q3,110.623,LT2014-Q3
Q,LT,,,I10,2014-Q4,111.868,LT2014-Q4
Q,LT,,,I10,2015-Q1,111.314,LT2015-Q1
Q,LT,,,I10,2015-Q2,112.205,LT2015-Q2
Q,LT,,,I10,2015-Q3,112.545,LT2015-Q3
Q,LT,,,I10,2015-Q4,112.272,LT2015-Q4
Q,LT,,,I10,2016-Q1,110.587,LT2016-Q1
Q,LT,,,I10,2016-Q2,112.029,LT2016-Q2
Q,LT,,,I10,2016-Q3,112.785,LT2016-Q3
Q,LT,,,I10,2016-Q4,114.596,LT2016-Q4
Q,LT,,,I10,2017-Q1,116.005,LT2017-Q1
Q,LT,,,I10,2017-Q2,117.290,LT2017-Q2
Q,LT,,,I10,2017-Q3,119.475,LT2017-Q3
Q,LT,,,I10,2017-Q4,119.700,LT2017-Q4
Q,LT,,,I10,2018-Q1,120.355,LT2018-Q1
Q,LT,,,I10,2018-Q2,121.603,LT2018-Q2
Q,LT,,,I10,2018-Q3,120.102,LT2018-Q3
Q,LT,,,I10,2018-Q4,122.336,LT2018-Q4
Q,LT,,,I10,2019-Q1,124.094,LT2019-Q1
Q,LT,,,I10,2019-Q2,125.315,LT2019-Q2
Q,LT,,,I10,2019-Q3,126.258,LT2019-Q3
Q,LT,,,I10,2019-Q4,128.202,LT2019-Q4
Q,LT,,,I10,2020-Q1,127.733,LT2020-Q1
Q,LT,,,I10,2020-Q2,122.440,LT2020-Q2
Q,LT,,,I10,2020-Q3,131.166,LT2020-Q3
Q,LT,,,I10,2020-Q4,131.669,LT2020-Q4
Q,LT,,,I10,2021-Q1,133.254,LT2021-Q1
Q,LT,,,I10,2021-Q2,134.400,LT2021-Q2
Q,LT,,,I10,2021-Q3,135.366,LT2021-Q3
Q,LT,,,I10,2021-Q4,134.904,LT2021-Q4
Q,LT,,,I10,2022-Q1,133.089,LT2022-Q1
Q,LT,,,I10,2022-Q2,131.091,LT2022-Q2
Q,LT,,,I10,2022-Q3,130.620,LT2022-Q3
Q,LT,,,I10,2022-Q4,129.819,LT2022-Q4
Q,LT,,,I10,2023-Q1,128.324,LT2023-Q1
Q,LT,,,I10,2023-Q2,130.456,LT2023-Q2
Q,LT,,,I10,2023-Q3,128.554,LT2023-Q3
Q,LT,,,I10,2023-Q4,128.216,LT2023-Q4
Q,LT,,,I10,2024-Q1,129.556,LT2024-Q1
Q,LU,,,I10,2010-Q1,100.609,LU2010-Q1
Q,LU,,,I10,2010-Q2,101.133,LU2010-Q2
Q,LU,,,I10,2010-Q3,99.124,LU2010-Q3
Q,LU,,,I10,2010-Q4,99.133,LU2010-Q4
Q,LU,,,I10,2011-Q1,99.571,LU2011-Q1
Q,LU,,,I10,2011-Q2,97.589,LU2011-Q2
Q,LU,,,I10,2011-Q3,98.038,LU2011-Q3
Q,LU,,,I10,2011-Q4,97.326,LU2011-Q4
Q,LU,,,I10,2012-Q1,97.070,LU2012-Q1
Q,LU,,,I10,2012-Q2,96.660,LU2012-Q2
Q,LU,,,I10,2012-Q3,97.270,LU2012-Q3
Q,LU,,,I10,2012-Q4,98.399,LU2012-Q4
Q,LU,,,I10,2013-Q1,98.210,LU2013-Q1
Q,LU,,,I10,2013-Q2,99.463,LU2013-Q2
Q,LU,,,I10,2013-Q3,99.185,LU2013-Q3
Q,LU,,,I10,2013-Q4,97.720,LU2013-Q4
Q,LU,,,I10,2014-Q1,99.074,LU2014-Q1
Q,LU,,,I10,2014-Q2,97.202,LU2014-Q2
Q,LU,,,I10,2014-Q3,98.448,LU2014-Q3
Q,LU,,,I10,2014-Q4,100.346,LU2014-Q4
Q,LU,,,I10,2015-Q1,99.183,LU2015-Q1
Q,LU,,,I10,2015-Q2,99.161,LU2015-Q2
Q,LU,,,I10,2015-Q3,97.883,LU2015-Q3
Q,LU,,,I10,2015-Q4,97.784,LU2015-Q4
Q,LU,,,I10,2016-Q1,100.191,LU2016-Q1
Q,LU,,,I10,2016-Q2,100.644,LU2016-Q2
Q,LU,,,I10,2016-Q3,100.529,LU2016-Q3
Q,LU,,,I10,2016-Q4,100.182,LU2016-Q4
Q,LU,,,I10,2017-Q1,98.055,LU2017-Q1
Q,LU,,,I10,2017-Q2,98.493,LU2017-Q2
Q,LU,,,I10,2017-Q3,98.721,LU2017-Q3
Q,LU,,,I10,2017-Q4,97.792,LU2017-Q4
Q,LU,,,I10,2018-Q1,97.090,LU2018-Q1
Q,LU,,,I10,2018-Q2,95.726,LU2018-Q2
Q,LU,,,I10,2018-Q3,95.825,LU2018-Q3
Q,LU,,,I10,2018-Q4,95.509,LU2018-Q4
Q,LU,,,I10,2019-Q1,95.065,LU2019-Q1
Q,LU,,,I10,2019-Q2,95.979,LU2019-Q2
Q,LU,,,I10,2019-Q3,95.548,LU2019-Q3
Q,LU,,,I10,2019-Q4,95.462,LU2019-Q4
Q,LU,,,I10,2020-Q1,94.039,LU2020-Q1
Q,LU,,,I10,2020-Q2,88.779,LU2020-Q2
Q,LU,,,I10,2020-Q3,95.131,LU2020-Q3
Q,LU,,,I10,2020-Q4,94.052,LU2020-Q4
Q,LU,,,I10,2021-Q1,96.675,LU2021-Q1
Q,LU,,,I10,2021-Q2,96.628,LU2021-Q2
Q,LU,,,I10,2021-Q3,96.165,LU2021-Q3
Q,LU,,,I10,2021-Q4,98.073,LU2021-Q4
Q,LU,,,I10,2022-Q1,96.796,LU2022-Q1
Q,LU,,,I10,2022-Q2,95.476,LU2022-Q2
Q,LU,,,I10,2022-Q3,94.986,LU2022-Q3
Q,LU,,,I10,2022-Q4,93.033,LU2022-Q4
Q,LU,,,I10,2023-Q1,93.015,LU2023-Q1
Q,LU,,,I10,2023-Q2,92.712,LU2023-Q2
Q,LU,,,I10,2023-Q3,91.251,LU2023-Q3
Q,LU,,,I10,2023-Q4,90.945,LU2023-Q4
Q,LV,,,I10,2010-Q1,101.630,LV2010-Q1
Q,LV,,,I10,2010-Q2,100.937,LV2010-Q2
Q,LV,,,I10,2010-Q3,98.519,LV2010-Q3
Q,LV,,,I10,2010-Q4,98.913,LV2010-Q4
Q,LV,,,I10,2011-Q1,99.028,LV2011-Q1
Q,LV,,,I10,2011-Q2,100.723,LV2011-Q2
Q,LV,,,I10,2011-Q3,102.092,LV2011-Q3
Q,LV,,,I10,2011-Q4,101.481,LV2011-Q4
Q,LV,,,I10,2012-Q1,108.636,LV2012-Q1
Q,LV,,,I10,2012-Q2,106.815,LV2012-Q2
Q,LV,,,I10,2012-Q3,105.625,LV2012-Q3
Q,LV,,,I10,2012-Q4,105.637,LV2012-Q4
Q,LV,,,I10,2013-Q1,106.088,LV2013-Q1
Q,LV,,,I10,2013-Q2,104.924,LV2013-Q2
Q,LV,,,I10,2013-Q3,106.006,LV2013-Q3
Q,LV,,,I10,2013-Q4,108.660,LV2013-Q4
Q,LV,,,I10,2014-Q1,108.303,LV2014-Q1
Q,LV,,,I10,2014-Q2,109.118,LV2014-Q2
Q,LV,,,I10,2014-Q3,111.220,LV2014-Q3
Q,LV,,,I10,2014-Q4,111.563,LV2014-Q4
Q,LV,,,I10,2015-Q1,111.687,LV2015-Q1
Q,LV,,,I10,2015-Q2,112.844,LV2015-Q2
Q,LV,,,I10,2015-Q3,113.234,LV2015-Q3
Q,LV,,,I10,2015-Q4,112.566,LV2015-Q4
Q,LV,,,I10,2016-Q1,115.154,LV2016-Q1
Q,LV,,,I10,2016-Q2,114.477,LV2016-Q2
Q,LV,,,I10,2016-Q3,115.664,LV2016-Q3
Q,LV,,,I10,2016-Q4,116.242,LV2016-Q4
Q,LV,,,I10,2017-Q1,118.206,LV2017-Q1
Q,LV,,,I10,2017-Q2,119.722,LV2017-Q2
Q,LV,,,I10,2017-Q3,119.877,LV2017-Q3
Q,LV,,,I10,2017-Q4,119.129,LV2017-Q4
Q,LV,,,I10,2018-Q1,120.061,LV2018-Q1
Q,LV,,,I10,2018-Q2,122.182,LV2018-Q2
Q,LV,,,I10,2018-Q3,123.134,LV2018-Q3
Q,LV,,,I10,2018-Q4,124.347,LV2018-Q4
Q,LV,,,I10,2019-Q1,122.391,LV2019-Q1
Q,LV,,,I10,2019-Q2,124.547,LV2019-Q2
Q,LV,,,I10,2019-Q3,123.775,LV2019-Q3
Q,LV,,,I10,2019-Q4,122.318,LV2019-Q4
Q,LV,,,I10,2020-Q1,120.771,LV2020-Q1
Q,LV,,,I10,2020-Q2,117.361,LV2020-Q2
Q,LV,,,I10,2020-Q3,123.667,LV2020-Q3
Q,LV,,,I10,2020-Q4,125.279,LV2020-Q4
Q,LV,,,I10,2021-Q1,131.059,LV2021-Q1
Q,LV,,,I10,2021-Q2,129.898,LV2021-Q2
Q,LV,,,I10,2021-Q3,135.496,LV2021-Q3
Q,LV,,,I10,2021-Q4,135.575,LV2021-Q4
Q,LV,,,I10,2022-Q1,134.180,LV2022-Q1
Q,LV,,,I10,2022-Q2,133.490,LV2022-Q2
Q,LV,,,I10,2022-Q3,132.233,LV2022-Q3
Q,LV,,,I10,2022-Q4,133.745,LV2022-Q4
Q,LV,,,I10,2023-Q1,133.122,LV2023-Q1
Q,LV,,,I10,2023-Q2,132.724,LV2023-Q2
Q,LV,,,I10,2023-Q3,132.772,LV2023-Q3
Q,LV,,,I10,2023-Q4,134.672,LV2023-Q4
Q,ME,,,I10,2010-Q1,102.241,ME2010-Q1
Q,ME,,,I10,2010-Q2,102.616,ME2010-Q2
Q,ME,,,I10,2010-Q3,96.402,ME2010-Q3
Q,ME,,,I10,2010-Q4,98.741,ME2010-Q4
Q,ME,,,I10,2011-Q1,106.934,ME2011-Q1
Q,ME,,,I10,2011-Q2,102.445,ME2011-Q2
Q,ME,,,I10,2011-Q3,102.725,ME2011-Q3
Q,ME,,,I10,2011-Q4,103.728,ME2011-Q4
Q,ME,,,I10,2012-Q1,98.373,ME2012-Q1
Q,ME,,,I10,2012-Q2,99.368,ME2012-Q2
Q,ME,,,I10,2012-Q3,93.228,ME2012-Q3
Q,ME,,,I10,2012-Q4,95.082,ME2012-Q4
Q,ME,,,I10,2013-Q1,97.750,ME2013-Q1
Q,ME,,,I10,2013-Q2,97.819,ME2013-Q2
Q,ME,,,I10,2013-Q3,100.894,ME2013-Q3
Q,ME,,,I10,2013-Q4,100.806,ME2013-Q4
Q,ME,,,I10,2014-Q1,96.904,ME2014-Q1
Q,ME,,,I10,2014-Q2,95.505,ME2014-Q2
Q,ME,,,I10,2014-Q3,97.298,ME2014-Q3
Q,ME,,,I10,2014-Q4,96.873,ME2014-Q4
Q,ME,,,I10,2015-Q1,99.609,ME2015-Q1
Q,ME,,,I10,2015-Q2,95.112,ME2015-Q2
Q,ME,,,I10,2015-Q3,96.963,ME2015-Q3
Q,ME,,,I10,2015-Q4,94.323,ME2015-Q4
Q,ME,,,I10,2016-Q1,95.935,ME2016-Q1
Q,ME,,,I10,2016-Q2,98.719,ME2016-Q2
Q,ME,,,I10,2016-Q3,96.866,ME2016-Q3
Q,ME,,,I10,2016-Q4,97.384,ME2016-Q4
Q,ME,,,I10,2017-Q1,96.491,ME2017-Q1
Q,ME,,,I10,2017-Q2,97.858,ME2017-Q2
Q,ME,,,I10,2017-Q3,98.439,ME2017-Q3
Q,ME,,,I10,2017-Q4,101.268,ME2017-Q4
Q,ME,,,I10,2018-Q1,99.627,ME2018-Q1
Q,ME,,,I10,2018-Q2,97.402,ME2018-Q2
Q,ME,,,I10,2018-Q3,99.255,ME2018-Q3
Q,ME,,,I10,2018-Q4,98.808,ME2018-Q4
Q,ME,,,I10,2019-Q1,99.117,ME2019-Q1
Q,ME,,,I10,2019-Q2,99.291,ME2019-Q2
Q,ME,,,I10,2019-Q3,100.164,ME2019-Q3
Q,ME,,,I10,2019-Q4,99.295,ME2019-Q4
Q,ME,,,I10,2020-Q1,103.359,ME2020-Q1
Q,ME,,,I10,2020-Q2,86.846,ME2020-Q2
Q,ME,,,I10,2020-Q3,88.738,ME2020-Q3
Q,ME,,,I10,2020-Q4,112.244,ME2020-Q4
Q,ME,,,I10,2021-Q1,111.015,ME2021-Q1
Q,ME,,,I10,2021-Q2,107.590,ME2021-Q2
Q,ME,,,I10,2021-Q3,106.121,ME2021-Q3
Q,ME,,,I10,2021-Q4,100.281,ME2021-Q4
Q,ME,,,I10,2022-Q1,97.304,ME2022-Q1
Q,ME,,,I10,2022-Q2,96.939,ME2022-Q2
Q,ME,,,I10,2022-Q3,93.817,ME2022-Q3
Q,ME,,,I10,2022-Q4,95.798,ME2022-Q4
Q,MK,,,I10,2010-Q1,100.313,MK2010-Q1
Q,MK,,,I10,2010-Q2,99.290,MK2010-Q2
Q,MK,,,I10,2010-Q3,102.505,MK2010-Q3
Q,MK,,,I10,2010-Q4,97.891,MK2010-Q4
Q,MK,,,I10,2011-Q1,100.001,MK2011-Q1
Q,MK,,,I10,2011-Q2,100.774,MK2011-Q2
Q,MK,,,I10,2011-Q3,100.194,MK2011-Q3
Q,MK,,,I10,2011-Q4,102.601,MK2011-Q4
Q,MK,,,I10,2012-Q1,100.451,MK2012-Q1
Q,MK,,,I10,2012-Q2,100.352,MK2012-Q2
Q,MK,,,I10,2012-Q3,98.682,MK2012-Q3
Q,MK,,,I10,2012-Q4,98.298,MK2012-Q4
Q,MK,,,I10,2013-Q1,97.596,MK2013-Q1
Q,MK,,,I10,2013-Q2,96.919,MK2013-Q2
Q,MK,,,I10,2013-Q3,97.173,MK2013-Q3
Q,MK,,,I10,2013-Q4,95.743,MK2013-Q4
Q,MK,,,I10,2014-Q1,96.734,MK2014-Q1
Q,MK,,,I10,2014-Q2,98.487,MK2014-Q2
Q,MK,,,I10,2014-Q3,97.852,MK2014-Q3
Q,MK,,,I10,2014-Q4,98.082,MK2014-Q4
Q,MK,,,I10,2015-Q1,99.349,MK2015-Q1
Q,MK,,,I10,2015-Q2,98.839,MK2015-Q2
Q,MK,,,I10,2015-Q3,99.880,MK2015-Q3
Q,MK,,,I10,2015-Q4,100.735,MK2015-Q4
Q,MK,,,I10,2016-Q1,100.324,MK2016-Q1
Q,MK,,,I10,2016-Q2,101.506,MK2016-Q2
Q,MK,,,I10,2016-Q3,101.022,MK2016-Q3
Q,MK,,,I10,2016-Q4,100.853,MK2016-Q4
Q,MK,,,I10,2017-Q1,100.053,MK2017-Q1
Q,MK,,,I10,2017-Q2,98.326,MK2017-Q2
Q,MK,,,I10,2017-Q3,99.549,MK2017-Q3
Q,MK,,,I10,2017-Q4,99.385,MK2017-Q4
Q,MK,,,I10,2018-Q1,101.320,MK2018-Q1
Q,MK,,,I10,2018-Q2,101.393,MK2018-Q2
Q,MK,,,I10,2018-Q3,101.609,MK2018-Q3
Q,MK,,,I10,2018-Q4,102.884,MK2018-Q4
Q,MK,,,I10,2019-Q1,101.885,MK2019-Q1
Q,MK,,,I10,2019-Q2,103.556,MK2019-Q2
Q,MK,,,I10,2019-Q3,104.721,MK2019-Q3
Q,MK,,,I10,2019-Q4,104.733,MK2019-Q4
Q,MK,,,I10,2020-Q1,107.213,MK2020-Q1
Q,MK,,,I10,2020-Q2,94.934,MK2020-Q2
Q,MK,,,I10,2020-Q3,110.032,MK2020-Q3
Q,MK,,,I10,2020-Q4,111.926,MK2020-Q4
Q,MK,,,I10,2021-Q1,110.098,MK2021-Q1
Q,MK,,,I10,2021-Q2,108.395,MK2021-Q2
Q,MK,,,I10,2021-Q3,108.068,MK2021-Q3
Q,MK,,,I10,2021-Q4,107.636,MK2021-Q4
Q,MK,,,I10,2022-Q1,102.700,MK2022-Q1
Q,MK,,,I10,2022-Q2,104.351,MK2022-Q2
Q,MK,,,I10,2022-Q3,105.397,MK2022-Q3
Q,MK,,,I10,2022-Q4,106.970,MK2022-Q4
Q,MK,,,I10,2023-Q1,108.836,MK2023-Q1
Q,MK,,,I10,2023-Q2,109.594,MK2023-Q2
Q,MK,,,I10,2023-Q3,111.127,MK2023-Q3
Q,MK,,,I10,2023-Q4,111.698,MK2023-Q4
Q,MT,,,I10,2010-Q1,100.431,MT2010-Q1
Q,MT,,,I10,2010-Q2,99.019,MT2010-Q2
Q,MT,,,I10,2010-Q3,99.996,MT2010-Q3
Q,MT,,,I10,2010-Q4,100.553,MT2010-Q4
Q,MT,,,I10,2011-Q1,98.550,MT2011-Q1
Q,MT,,,I10,2011-Q2,96.932,MT2011-Q2
Q,MT,,,I10,2011-Q3,97.314,MT2011-Q3
Q,MT,,,I10,2011-Q4,98.006,MT2011-Q4
Q,MT,,,I10,2012-Q1,98.417,MT2012-Q1
Q,MT,,,I10,2012-Q2,99.378,MT2012-Q2
Q,MT,,,I10,2012-Q3,98.849,MT2012-Q3
Q,MT,,,I10,2012-Q4,98.536,MT2012-Q4
Q,MT,,,I10,2013-Q1,99.498,MT2013-Q1
Q,MT,,,I10,2013-Q2,100.250,MT2013-Q2
Q,MT,,,I10,2013-Q3,99.866,MT2013-Q3
Q,MT,,,I10,2013-Q4,99.241,MT2013-Q4
Q,MT,,,I10,2014-Q1,101.048,MT2014-Q1
Q,MT,,,I10,2014-Q2,100.627,MT2014-Q2
Q,MT,,,I10,2014-Q3,100.947,MT2014-Q3
Q,MT,,,I10,2014-Q4,102.882,MT2014-Q4
Q,MT,,,I10,2015-Q1,105.355,MT2015-Q1
Q,MT,,,I10,2015-Q2,107.274,MT2015-Q2
Q,MT,,,I10,2015-Q3,106.791,MT2015-Q3
Q,MT,,,I10,2015-Q4,108.587,MT2015-Q4
Q,MT,,,I10,2016-Q1,105.783,MT2016-Q1
Q,MT,,,I10,2016-Q2,105.736,MT2016-Q2
Q,MT,,,I10,2016-Q3,105.574,MT2016-Q3
Q,MT,,,I10,2016-Q4,105.683,MT2016-Q4
Q,MT,,,I10,2017-Q1,109.523,MT2017-Q1
Q,MT,,,I10,2017-Q2,108.634,MT2017-Q2
Q,MT,,,I10,2017-Q3,108.759,MT2017-Q3
Q,MT,,,I10,2017-Q4,107.789,MT2017-Q4
Q,MT,,,I10,2018-Q1,109.288,MT2018-Q1
Q,MT,,,I10,2018-Q2,110.018,MT2018-Q2
Q,MT,,,I10,2018-Q3,110.982,MT2018-Q3
Q,MT,,,I10,2018-Q4,109.505,MT2018-Q4
Q,MT,,,I10,2019-Q1,111.898,MT2019-Q1
Q,MT,,,I10,2019-Q2,111.822,MT2019-Q2
Q,MT,,,I10,2019-Q3,110.383,MT2019-Q3
Q,MT,,,I10,2019-Q4,111.412,MT2019-Q4
Q,MT,,,I10,2020-Q1,106.778,MT2020-Q1
Q,MT,,,I10,2020-Q2,92.151,MT2020-Q2
Q,MT,,,I10,2020-Q3,97.801,MT2020-Q3
Q,MT,,,I10,2020-Q4,101.934,MT2020-Q4
Q,MT,,,I10,2021-Q1,107.810,MT2021-Q1
Q,MT,,,I10,2021-Q2,106.924,MT2021-Q2
Q,MT,,,I10,2021-Q3,110.111,MT2021-Q3
Q,MT,,,I10,2021-Q4,111.405,MT2021-Q4
Q,MT,,,I10,2022-Q1,111.407,MT2022-Q1
Q,MT,,,I10,2022-Q2,111.416,MT2022-Q2
Q,MT,,,I10,2022-Q3,110.126,MT2022-Q3
Q,MT,,,I10,2022-Q4,111.236,MT2022-Q4
Q,MT,,,I10,2023-Q1,110.447,MT2023-Q1
Q,MT,,,I10,2023-Q2,109.716,MT2023-Q2
Q,MT,,,I10,2023-Q3,110.657,MT2023-Q3
Q,MT,,,I10,2023-Q4,109.472,MT2023-Q4
Q,NL,,,I10,2010-Q1,99.578,NL2010-Q1
Q,NL,,,I10,2010-Q2,99.628,NL2010-Q2
Q,NL,,,I10,2010-Q3,99.920,NL2010-Q3
Q,NL,,,I10,2010-Q4,100.875,NL2010-Q4
Q,NL,,,I10,2011-Q1,101.250,NL2011-Q1
Q,NL,,,I10,2011-Q2,100.805,NL2011-Q2
Q,NL,,,I10,2011-Q3,100.692,NL2011-Q3
Q,NL,,,I10,2011-Q4,100.118,NL2011-Q4
Q,NL,,,I10,2012-Q1,99.887,NL2012-Q1
Q,NL,,,I10,2012-Q2,100.062,NL2012-Q2
Q,NL,,,I10,2012-Q3,99.938,NL2012-Q3
Q,NL,,,I10,2012-Q4,99.577,NL2012-Q4
Q,NL,,,I10,2013-Q1,100.344,NL2013-Q1
Q,NL,,,I10,2013-Q2,100.380,NL2013-Q2
Q,NL,,,I10,2013-Q3,101.089,NL2013-Q3
Q,NL,,,I10,2013-Q4,101.801,NL2013-Q4
Q,NL,,,I10,2014-Q1,101.880,NL2014-Q1
Q,NL,,,I10,2014-Q2,102.323,NL2014-Q2
Q,NL,,,I10,2014-Q3,102.462,NL2014-Q3
Q,NL,,,I10,2014-Q4,103.214,NL2014-Q4
Q,NL,,,I10,2015-Q1,103.544,NL2015-Q1
Q,NL,,,I10,2015-Q2,103.568,NL2015-Q2
Q,NL,,,I10,2015-Q3,103.548,NL2015-Q3
Q,NL,,,I10,2015-Q4,103.179,NL2015-Q4
Q,NL,,,I10,2016-Q1,103.973,NL2016-Q1
Q,NL,,,I10,2016-Q2,103.658,NL2016-Q2
Q,NL,,,I10,2016-Q3,104.291,NL2016-Q3
Q,NL,,,I10,2016-Q4,104.569,NL2016-Q4
Q,NL,,,I10,2017-Q1,104.492,NL2017-Q1
Q,NL,,,I10,2017-Q2,104.788,NL2017-Q2
Q,NL,,,I10,2017-Q3,104.795,NL2017-Q3
Q,NL,,,I10,2017-Q4,104.836,NL2017-Q4
Q,NL,,,I10,2018-Q1,104.541,NL2018-Q1
Q,NL,,,I10,2018-Q2,104.616,NL2018-Q2
Q,NL,,,I10,2018-Q3,104.041,NL2018-Q3
Q,NL,,,I10,2018-Q4,103.877,NL2018-Q4
Q,NL,,,I10,2019-Q1,104.003,NL2019-Q1
Q,NL,,,I10,2019-Q2,104.030,NL2019-Q2
Q,NL,,,I10,2019-Q3,103.861,NL2019-Q3
Q,NL,,,I10,2019-Q4,104.044,NL2019-Q4
Q,NL,,,I10,2020-Q1,102.390,NL2020-Q1
Q,NL,,,I10,2020-Q2,96.185,NL2020-Q2
Q,NL,,,I10,2020-Q3,100.836,NL2020-Q3
Q,NL,,,I10,2020-Q4,101.477,NL2020-Q4
Q,NL,,,I10,2021-Q1,102.885,NL2021-Q1
Q,NL,,,I10,2021-Q2,104.508,NL2021-Q2
Q,NL,,,I10,2021-Q3,105.095,NL2021-Q3
Q,NL,,,I10,2021-Q4,105.202,NL2021-Q4
Q,NL,,,I10,2022-Q1,104.628,NL2022-Q1
Q,NL,,,I10,2022-Q2,105.315,NL2022-Q2
Q,NL,,,I10,2022-Q3,104.878,NL2022-Q3
Q,NL,,,I10,2022-Q4,104.885,NL2022-Q4
Q,NL,,,I10,2023-Q1,104.104,NL2023-Q1
Q,NL,,,I10,2023-Q2,103.618,NL2023-Q2
Q,NL,,,I10,2023-Q3,103.126,NL2023-Q3
Q,NL,,,I10,2023-Q4,103.042,NL2023-Q4
Q,NO,,,I10,2010-Q1,101.309,NO2010-Q1
Q,NO,,,I10,2010-Q2,100.612,NO2010-Q2
Q,NO,,,I10,2010-Q3,98.041,NO2010-Q3
Q,NO,,,I10,2010-Q4,100.039,NO2010-Q4
Q,NO,,,I10,2011-Q1,99.725,NO2011-Q1
Q,NO,,,I10,2011-Q2,99.191,NO2011-Q2
Q,NO,,,I10,2011-Q3,100.088,NO2011-Q3
Q,NO,,,I10,2011-Q4,99.708,NO2011-Q4
Q,NO,,,I10,2012-Q1,101.044,NO2012-Q1
Q,NO,,,I10,2012-Q2,100.782,NO2012-Q2
Q,NO,,,I10,2012-Q3,99.534,NO2012-Q3
Q,NO,,,I10,2012-Q4,100.055,NO2012-Q4
Q,NO,,,I10,2013-Q1,99.625,NO2013-Q1
Q,NO,,,I10,2013-Q2,100.182,NO2013-Q2
Q,NO,,,I10,2013-Q3,100.845,NO2013-Q3
Q,NO,,,I10,2013-Q4,100.283,NO2013-Q4
Q,NO,,,I10,2014-Q1,100.278,NO2014-Q1
Q,NO,,,I10,2014-Q2,101.116,NO2014-Q2
Q,NO,,,I10,2014-Q3,101.430,NO2014-Q3
Q,NO,,,I10,2014-Q4,102.117,NO2014-Q4
Q,NO,,,I10,2015-Q1,102.062,NO2015-Q1
Q,NO,,,I10,2015-Q2,102.548,NO2015-Q2
Q,NO,,,I10,2015-Q3,103.543,NO2015-Q3
Q,NO,,,I10,2015-Q4,102.713,NO2015-Q4
Q,NO,,,I10,2016-Q1,103.225,NO2016-Q1
Q,NO,,,I10,2016-Q2,103.002,NO2016-Q2
Q,NO,,,I10,2016-Q3,102.573,NO2016-Q3
Q,NO,,,I10,2016-Q4,103.717,NO2016-Q4
Q,NO,,,I10,2017-Q1,104.471,NO2017-Q1
Q,NO,,,I10,2017-Q2,105.247,NO2017-Q2
Q,NO,,,I10,2017-Q3,105.621,NO2017-Q3
Q,NO,,,I10,2017-Q4,104.487,NO2017-Q4
Q,NO,,,I10,2018-Q1,104.545,NO2018-Q1
Q,NO,,,I10,2018-Q2,104.521,NO2018-Q2
Q,NO,,,I10,2018-Q3,104.766,NO2018-Q3
Q,NO,,,I10,2018-Q4,104.205,NO2018-Q4
Q,NO,,,I10,2019-Q1,103.449,NO2019-Q1
Q,NO,,,I10,2019-Q2,103.859,NO2019-Q2
Q,NO,,,I10,2019-Q3,104.082,NO2019-Q3
Q,NO,,,I10,2019-Q4,104.724,NO2019-Q4
Q,NO,,,I10,2020-Q1,103.907,NO2020-Q1
Q,NO,,,I10,2020-Q2,101.369,NO2020-Q2
Q,NO,,,I10,2020-Q3,105.068,NO2020-Q3
Q,NO,,,I10,2020-Q4,104.565,NO2020-Q4
Q,NO,,,I10,2021-Q1,105.663,NO2021-Q1
Q,NO,,,I10,2021-Q2,106.366,NO2021-Q2
Q,NO,,,I10,2021-Q3,108.310,NO2021-Q3
Q,NO,,,I10,2021-Q4,106.449,NO2021-Q4
Q,NO,,,I10,2022-Q1,104.903,NO2022-Q1
Q,NO,,,I10,2022-Q2,105.533,NO2022-Q2
Q,NO,,,I10,2022-Q3,107.016,NO2022-Q3
Q,NO,,,I10,2022-Q4,105.417,NO2022-Q4
Q,NO,,,I10,2023-Q1,105.309,NO2023-Q1
Q,NO,,,I10,2023-Q2,104.947,NO2023-Q2
Q,NO,,,I10,2023-Q3,104.370,NO2023-Q3
Q,NO,,,I10,2023-Q4,105.810,NO2023-Q4
Q,PL,,,I10,2010-Q1,98.385,PL2010-Q1
Q,PL,,,I10,2010-Q2,99.464,PL2010-Q2
Q,PL,,,I10,2010-Q3,100.556,PL2010-Q3
Q,PL,,,I10,2010-Q4,101.595,PL2010-Q4
Q,PL,,,I10,2011-Q1,103.223,PL2011-Q1
Q,PL,,,I10,2011-Q2,104.276,PL2011-Q2
Q,PL,,,I10,2011-Q3,105.381,PL2011-Q3
Q,PL,,,I10,2011-Q4,106.130,PL2011-Q4
Q,PL,,,I10,2012-Q1,106.623,PL2012-Q1
Q,PL,,,I10,2012-Q2,106.098,PL2012-Q2
Q,PL,,,I10,2012-Q3,106.285,PL2012-Q3
Q,PL,,,I10,2012-Q4,106.526,PL2012-Q4
Q,PL,,,I10,2013-Q1,106.552,PL2013-Q1
Q,PL,,,I10,2013-Q2,106.930,PL2013-Q2
Q,PL,,,I10,2013-Q3,107.712,PL2013-Q3
Q,PL,,,I10,2013-Q4,107.944,PL2013-Q4
Q,PL,,,I10,2014-Q1,108.346,PL2014-Q1
Q,PL,,,I10,2014-Q2,109.260,PL2014-Q2
Q,PL,,,I10,2014-Q3,109.635,PL2014-Q3
Q,PL,,,I10,2014-Q4,110.428,PL2014-Q4
Q,PL,,,I10,2015-Q1,111.618,PL2015-Q1
Q,PL,,,I10,2015-Q2,112.062,PL2015-Q2
Q,PL,,,I10,2015-Q3,112.654,PL2015-Q3
Q,PL,,,I10,2015-Q4,112.855,PL2015-Q4
Q,PL,,,I10,2016-Q1,113.416,PL2016-Q1
Q,PL,,,I10,2016-Q2,114.824,PL2016-Q2
Q,PL,,,I10,2016-Q3,115.076,PL2016-Q3
Q,PL,,,I10,2016-Q4,116.490,PL2016-Q4
Q,PL,,,I10,2017-Q1,117.551,PL2017-Q1
Q,PL,,,I10,2017-Q2,118.180,PL2017-Q2
Q,PL,,,I10,2017-Q3,120.010,PL2017-Q3
Q,PL,,,I10,2017-Q4,121.927,PL2017-Q4
Q,PL,,,I10,2018-Q1,123.793,PL2018-Q1
Q,PL,,,I10,2018-Q2,124.294,PL2018-Q2
Q,PL,,,I10,2018-Q3,126.055,PL2018-Q3
Q,PL,,,I10,2018-Q4,128.659,PL2018-Q4
Q,PL,,,I10,2019-Q1,130.435,PL2019-Q1
Q,PL,,,I10,2019-Q2,130.416,PL2019-Q2
Q,PL,,,I10,2019-Q3,131.554,PL2019-Q3
Q,PL,,,I10,2019-Q4,132.944,PL2019-Q4
Q,PL,,,I10,2020-Q1,133.011,PL2020-Q1
Q,PL,,,I10,2020-Q2,122.374,PL2020-Q2
Q,PL,,,I10,2020-Q3,129.753,PL2020-Q3
Q,PL,,,I10,2020-Q4,128.666,PL2020-Q4
Q,PL,,,I10,2021-Q1,131.399,PL2021-Q1
Q,PL,,,I10,2021-Q2,133.026,PL2021-Q2
Q,PL,,,I10,2021-Q3,134.588,PL2021-Q3
Q,PL,,,I10,2021-Q4,136.564,PL2021-Q4
Q,PL,,,I10,2022-Q1,138.382,PL2022-Q1
Q,PL,,,I10,2022-Q2,136.415,PL2022-Q2
Q,PL,,,I10,2022-Q3,137.472,PL2022-Q3
Q,PL,,,I10,2022-Q4,134.435,PL2022-Q4
Q,PL,,,I10,2023-Q1,136.240,PL2023-Q1
Q,PL,,,I10,2023-Q2,135.382,PL2023-Q2
Q,PL,,,I10,2023-Q3,136.953,PL2023-Q3
Q,PL,,,I10,2023-Q4,137.212,PL2023-Q4
Q,PT,,,I10,2010-Q1,98.512,PT2010-Q1
Q,PT,,,I10,2010-Q2,100.079,PT2010-Q2
Q,PT,,,I10,2010-Q3,100.546,PT2010-Q3
Q,PT,,,I10,2010-Q4,100.862,PT2010-Q4
Q,PT,,,I10,2011-Q1,100.029,PT2011-Q1
Q,PT,,,I10,2011-Q2,99.998,PT2011-Q2
Q,PT,,,I10,2011-Q3,99.805,PT2011-Q3
Q,PT,,,I10,2011-Q4,101.175,PT2011-Q4
Q,PT,,,I10,2012-Q1,100.613,PT2012-Q1
Q,PT,,,I10,2012-Q2,99.866,PT2012-Q2
Q,PT,,,I10,2012-Q3,99.611,PT2012-Q3
Q,PT,,,I10,2012-Q4,101.038,PT2012-Q4
Q,PT,,,I10,2013-Q1,102.338,PT2013-Q1
Q,PT,,,I10,2013-Q2,102.652,PT2013-Q2
Q,PT,,,I10,2013-Q3,101.533,PT2013-Q3
Q,PT,,,I10,2013-Q4,102.611,PT2013-Q4
Q,PT,,,I10,2014-Q1,101.819,PT2014-Q1
Q,PT,,,I10,2014-Q2,101.751,PT2014-Q2
Q,PT,,,I10,2014-Q3,100.576,PT2014-Q3
Q,PT,,,I10,2014-Q4,102.497,PT2014-Q4
Q,PT,,,I10,2015-Q1,102.233,PT2015-Q1
Q,PT,,,I10,2015-Q2,101.687,PT2015-Q2
Q,PT,,,I10,2015-Q3,102.132,PT2015-Q3
Q,PT,,,I10,2015-Q4,102.184,PT2015-Q4
Q,PT,,,I10,2016-Q1,102.523,PT2016-Q1
Q,PT,,,I10,2016-Q2,102.235,PT2016-Q2
Q,PT,,,I10,2016-Q3,102.325,PT2016-Q3
Q,PT,,,I10,2016-Q4,102.760,PT2016-Q4
Q,PT,,,I10,2017-Q1,102.936,PT2017-Q1
Q,PT,,,I10,2017-Q2,102.432,PT2017-Q2
Q,PT,,,I10,2017-Q3,102.606,PT2017-Q3
Q,PT,,,I10,2017-Q4,102.752,PT2017-Q4
Q,PT,,,I10,2018-Q1,102.600,PT2018-Q1
Q,PT,,,I10,2018-Q2,103.296,PT2018-Q2
Q,PT,,,I10,2018-Q3,103.380,PT2018-Q3
Q,PT,,,I10,2018-Q4,103.569,PT2018-Q4
Q,PT,,,I10,2019-Q1,104.160,PT2019-Q1
Q,PT,,,I10,2019-Q2,104.953,PT2019-Q2
Q,PT,,,I10,2019-Q3,105.200,PT2019-Q3
Q,PT,,,I10,2019-Q4,106.294,PT2019-Q4
Q,PT,,,I10,2020-Q1,102.008,PT2020-Q1
Q,PT,,,I10,2020-Q2,89.541,PT2020-Q2
Q,PT,,,I10,2020-Q3,101.292,PT2020-Q3
Q,PT,,,I10,2020-Q4,99.616,PT2020-Q4
Q,PT,,,I10,2021-Q1,98.625,PT2021-Q1
Q,PT,,,I10,2021-Q2,100.875,PT2021-Q2
Q,PT,,,I10,2021-Q3,103.010,PT2021-Q3
Q,PT,,,I10,2021-Q4,104.626,PT2021-Q4
Q,PT,,,I10,2022-Q1,106.343,PT2022-Q1
Q,PT,,,I10,2022-Q2,106.951,PT2022-Q2
Q,PT,,,I10,2022-Q3,107.163,PT2022-Q3
Q,PT,,,I10,2022-Q4,108.011,PT2022-Q4
Q,PT,,,I10,2023-Q1,108.973,PT2023-Q1
Q,PT,,,I10,2023-Q2,108.405,PT2023-Q2
Q,PT,,,I10,2023-Q3,108.088,PT2023-Q3
Q,PT,,,I10,2023-Q4,108.954,PT2023-Q4
Q,PT,,,I10,2024-Q1,108.788,PT2024-Q1
Q,RO,,,I10,2010-Q1,100.209,RO2010-Q1
Q,RO,,,I10,2010-Q2,99.699,RO2010-Q2
Q,RO,,,I10,2010-Q3,97.718,RO2010-Q3
Q,RO,,,I10,2010-Q4,102.374,RO2010-Q4
Q,RO,,,I10,2011-Q1,103.647,RO2011-Q1
Q,RO,,,I10,2011-Q2,107.695,RO2011-Q2
Q,RO,,,I10,2011-Q3,110.699,RO2011-Q3
Q,RO,,,I10,2011-Q4,105.408,RO2011-Q4
Q,RO,,,I10,2012-Q1,109.798,RO2012-Q1
Q,RO,,,I10,2012-Q2,108.846,RO2012-Q2
Q,RO,,,I10,2012-Q3,106.624,RO2012-Q3
Q,RO,,,I10,2012-Q4,105.426,RO2012-Q4
Q,RO,,,I10,2013-Q1,105.577,RO2013-Q1
Q,RO,,,I10,2013-Q2,107.631,RO2013-Q2
Q,RO,,,I10,2013-Q3,109.714,RO2013-Q3
Q,RO,,,I10,2013-Q4,110.439,RO2013-Q4
Q,RO,,,I10,2014-Q1,110.548,RO2014-Q1
Q,RO,,,I10,2014-Q2,111.115,RO2014-Q2
Q,RO,,,I10,2014-Q3,112.997,RO2014-Q3
Q,RO,,,I10,2014-Q4,113.481,RO2014-Q4
Q,RO,,,I10,2015-Q1,117.492,RO2015-Q1
Q,RO,,,I10,2015-Q2,116.701,RO2015-Q2
Q,RO,,,I10,2015-Q3,116.865,RO2015-Q3
Q,RO,,,I10,2015-Q4,117.711,RO2015-Q4
Q,RO,,,I10,2016-Q1,121.254,RO2016-Q1
Q,RO,,,I10,2016-Q2,121.163,RO2016-Q2
Q,RO,,,I10,2016-Q3,121.644,RO2016-Q3
Q,RO,,,I10,2016-Q4,123.329,RO2016-Q4
Q,RO,,,I10,2017-Q1,127.237,RO2017-Q1
Q,RO,,,I10,2017-Q2,125.601,RO2017-Q2
Q,RO,,,I10,2017-Q3,129.585,RO2017-Q3
Q,RO,,,I10,2017-Q4,131.823,RO2017-Q4
Q,RO,,,I10,2018-Q1,133.524,RO2018-Q1
Q,RO,,,I10,2018-Q2,134.727,RO2018-Q2
Q,RO,,,I10,2018-Q3,137.714,RO2018-Q3
Q,RO,,,I10,2018-Q4,138.576,RO2018-Q4
Q,RO,,,I10,2019-Q1,138.931,RO2019-Q1
Q,RO,,,I10,2019-Q2,139.336,RO2019-Q2
Q,RO,,,I10,2019-Q3,142.993,RO2019-Q3
Q,RO,,,I10,2019-Q4,143.643,RO2019-Q4
Q,RO,,,I10,2020-Q1,141.600,RO2020-Q1
Q,RO,,,I10,2020-Q2,130.991,RO2020-Q2
Q,RO,,,I10,2020-Q3,138.976,RO2020-Q3
Q,RO,,,I10,2020-Q4,144.751,RO2020-Q4
Q,RO,,,I10,2021-Q1,144.969,RO2021-Q1
Q,RO,,,I10,2021-Q2,143.953,RO2021-Q2
Q,RO,,,I10,2021-Q3,147.082,RO2021-Q3
Q,RO,,,I10,2021-Q4,147.711,RO2021-Q4
Q,RO,,,I10,2022-Q1,150.602,RO2022-Q1
Q,RO,,,I10,2022-Q2,150.393,RO2022-Q2
Q,RO,,,I10,2022-Q3,151.939,RO2022-Q3
Q,RO,,,I10,2022-Q4,154.130,RO2022-Q4
Q,RO,,,I10,2023-Q1,154.162,RO2023-Q1
Q,RO,,,I10,2023-Q2,157.482,RO2023-Q2
Q,RO,,,I10,2023-Q3,158.483,RO2023-Q3
Q,RO,,,I10,2023-Q4,155.371,RO2023-Q4
Q,RS,,,I10,2010-Q1,97.481,RS2010-Q1
Q,RS,,,I10,2010-Q2,99.034,RS2010-Q2
Q,RS,,,I10,2010-Q3,101.298,RS2010-Q3
Q,RS,,,I10,2010-Q4,102.188,RS2010-Q4
Q,RS,,,I10,2011-Q1,107.266,RS2011-Q1
Q,RS,,,I10,2011-Q2,108.189,RS2011-Q2
Q,RS,,,I10,2011-Q3,108.863,RS2011-Q3
Q,RS,,,I10,2011-Q4,109.663,RS2011-Q4
Q,RS,,,I10,2012-Q1,109.041,RS2012-Q1
Q,RS,,,I10,2012-Q2,110.251,RS2012-Q2
Q,RS,,,I10,2012-Q3,108.531,RS2012-Q3
Q,RS,,,I10,2012-Q4,107.977,RS2012-Q4
Q,RS,,,I10,2013-Q1,107.011,RS2013-Q1
Q,RS,,,I10,2013-Q2,107.320,RS2013-Q2
Q,RS,,,I10,2013-Q3,109.588,RS2013-Q3
Q,RS,,,I10,2013-Q4,108.525,RS2013-Q4
Q,RS,,,I10,2014-Q1,102.926,RS2014-Q1
Q,RS,,,I10,2014-Q2,101.167,RS2014-Q2
Q,RS,,,I10,2014-Q3,99.599,RS2014-Q3
Q,RS,,,I10,2014-Q4,102.436,RS2014-Q4
Q,RS,,,I10,2015-Q1,102.329,RS2015-Q1
Q,RS,,,I10,2015-Q2,103.238,RS2015-Q2
Q,RS,,,I10,2015-Q3,102.015,RS2015-Q3
Q,RS,,,I10,2015-Q4,103.511,RS2015-Q4
Q,RS,,,I10,2016-Q1,101.738,RS2016-Q1
Q,RS,,,I10,2016-Q2,100.305,RS2016-Q2
Q,RS,,,I10,2016-Q3,100.068,RS2016-Q3
Q,RS,,,I10,2016-Q4,100.227,RS2016-Q4
Q,RS,,,I10,2017-Q1,100.085,RS2017-Q1
Q,RS,,,I10,2017-Q2,99.171,RS2017-Q2
Q,RS,,,I10,2017-Q3,99.699,RS2017-Q3
Q,RS,,,I10,2017-Q4,100.514,RS2017-Q4
Q,RS,,,I10,2018-Q1,103.907,RS2018-Q1
Q,RS,,,I10,2018-Q2,103.270,RS2018-Q2
Q,RS,,,I10,2018-Q3,102.519,RS2018-Q3
Q,RS,,,I10,2018-Q4,101.978,RS2018-Q4
Q,RS,,,I10,2019-Q1,103.574,RS2019-Q1
Q,RS,,,I10,2019-Q2,104.247,RS2019-Q2
Q,RS,,,I10,2019-Q3,105.937,RS2019-Q3
Q,RS,,,I10,2019-Q4,105.546,RS2019-Q4
Q,RS,,,I10,2020-Q1,108.872,RS2020-Q1
Q,RS,,,I10,2020-Q2,98.264,RS2020-Q2
Q,RS,,,I10,2020-Q3,104.283,RS2020-Q3
Q,RS,,,I10,2020-Q4,104.855,RS2020-Q4
Q,RS,,,I10,2021-Q1,108.614,RS2021-Q1
Q,RS,,,I10,2021-Q2,107.702,RS2021-Q2
Q,RS,,,I10,2021-Q3,109.776,RS2021-Q3
Q,RS,,,I10,2021-Q4,111.044,RS2021-Q4
Q,RS,,,I10,2022-Q1,110.764,RS2022-Q1
Q,RS,,,I10,2022-Q2,110.207,RS2022-Q2
Q,RS,,,I10,2022-Q3,109.836,RS2022-Q3
Q,RS,,,I10,2022-Q4,109.532,RS2022-Q4
Q,RS,,,I10,2023-Q1,109.747,RS2023-Q1
Q,RS,,,I10,2023-Q2,109.934,RS2023-Q2
Q,RS,,,I10,2023-Q3,111.895,RS2023-Q3
Q,RS,,,I10,2023-Q4,112.502,RS2023-Q4
Q,SE,,,I10,2010-Q1,98.350,SE2010-Q1
Q,SE,,,I10,2010-Q2,99.863,SE2010-Q2
Q,SE,,,I10,2010-Q3,100.431,SE2010-Q3
Q,SE,,,I10,2010-Q4,101.356,SE2010-Q4
Q,SE,,,I10,2011-Q1,100.967,SE2011-Q1
Q,SE,,,I10,2011-Q2,100.858,SE2011-Q2
Q,SE,,,I10,2011-Q3,101.895,SE2011-Q3
Q,SE,,,I10,2011-Q4,100.128,SE2011-Q4
Q,SE,,,I10,2012-Q1,100.240,SE2012-Q1
Q,SE,,,I10,2012-Q2,100.278,SE2012-Q2
Q,SE,,,I10,2012-Q3,100.056,SE2012-Q3
Q,SE,,,I10,2012-Q4,99.080,SE2012-Q4
Q,SE,,,I10,2013-Q1,100.171,SE2013-Q1
Q,SE,,,I10,2013-Q2,99.865,SE2013-Q2
Q,SE,,,I10,2013-Q3,100.079,SE2013-Q3
Q,SE,,,I10,2013-Q4,100.310,SE2013-Q4
Q,SE,,,I10,2014-Q1,101.059,SE2014-Q1
Q,SE,,,I10,2014-Q2,101.286,SE2014-Q2
Q,SE,,,I10,2014-Q3,101.339,SE2014-Q3
Q,SE,,,I10,2014-Q4,101.968,SE2014-Q4
Q,SE,,,I10,2015-Q1,103.100,SE2015-Q1
Q,SE,,,I10,2015-Q2,104.030,SE2015-Q2
Q,SE,,,I10,2015-Q3,104.756,SE2015-Q3
Q,SE,,,I10,2015-Q4,104.922,SE2015-Q4
Q,SE,,,I10,2016-Q1,104.354,SE2016-Q1
Q,SE,,,I10,2016-Q2,103.956,SE2016-Q2
Q,SE,,,I10,2016-Q3,104.102,SE2016-Q3
Q,SE,,,I10,2016-Q4,104.382,SE2016-Q4
Q,SE,,,I10,2017-Q1,103.882,SE2017-Q1
Q,SE,,,I10,2017-Q2,104.605,SE2017-Q2
Q,SE,,,I10,2017-Q3,104.988,SE2017-Q3
Q,SE,,,I10,2017-Q4,104.831,SE2017-Q4
Q,SE,,,I10,2018-Q1,104.552,SE2018-Q1
Q,SE,,,I10,2018-Q2,105.500,SE2018-Q2
Q,SE,,,I10,2018-Q3,104.424,SE2018-Q3
Q,SE,,,I10,2018-Q4,105.565,SE2018-Q4
Q,SE,,,I10,2019-Q1,105.832,SE2019-Q1
Q,SE,,,I10,2019-Q2,106.743,SE2019-Q2
Q,SE,,,I10,2019-Q3,106.539,SE2019-Q3
Q,SE,,,I10,2019-Q4,106.944,SE2019-Q4
Q,SE,,,I10,2020-Q1,106.712,SE2020-Q1
Q,SE,,,I10,2020-Q2,100.454,SE2020-Q2
Q,SE,,,I10,2020-Q3,107.317,SE2020-Q3
Q,SE,,,I10,2020-Q4,107.240,SE2020-Q4
Q,SE,,,I10,2021-Q1,108.425,SE2021-Q1
Q,SE,,,I10,2021-Q2,109.519,SE2021-Q2
Q,SE,,,I10,2021-Q3,111.166,SE2021-Q3
Q,SE,,,I10,2021-Q4,112.493,SE2021-Q4
Q,SE,,,I10,2022-Q1,110.631,SE2022-Q1
Q,SE,,,I10,2022-Q2,110.828,SE2022-Q2
Q,SE,,,I10,2022-Q3,111.025,SE2022-Q3
Q,SE,,,I10,2022-Q4,109.448,SE2022-Q4
Q,SE,,,I10,2023-Q1,109.856,SE2023-Q1
Q,SE,,,I10,2023-Q2,108.724,SE2023-Q2
Q,SE,,,I10,2023-Q3,108.514,SE2023-Q3
Q,SE,,,I10,2023-Q4,108.535,SE2023-Q4
Q,SE,,,I10,2024-Q1,108.891,SE2024-Q1
Q,SI,,,I10,2010-Q1,97.878,SI2010-Q1
Q,SI,,,I10,2010-Q2,99.777,SI2010-Q2
Q,SI,,,I10,2010-Q3,100.586,SI2010-Q3
Q,SI,,,I10,2010-Q4,101.759,SI2010-Q4
Q,SI,,,I10,2011-Q1,103.174,SI2011-Q1
Q,SI,,,I10,2011-Q2,102.796,SI2011-Q2
Q,SI,,,I10,2011-Q3,102.705,SI2011-Q3
Q,SI,,,I10,2011-Q4,103.192,SI2011-Q4
Q,SI,,,I10,2012-Q1,101.935,SI2012-Q1
Q,SI,,,I10,2012-Q2,100.965,SI2012-Q2
Q,SI,,,I10,2012-Q3,101.813,SI2012-Q3
Q,SI,,,I10,2012-Q4,100.377,SI2012-Q4
Q,SI,,,I10,2013-Q1,100.905,SI2013-Q1
Q,SI,,,I10,2013-Q2,101.260,SI2013-Q2
Q,SI,,,I10,2013-Q3,101.207,SI2013-Q3
Q,SI,,,I10,2013-Q4,102.908,SI2013-Q4
Q,SI,,,I10,2014-Q1,103.320,SI2014-Q1
Q,SI,,,I10,2014-Q2,103.720,SI2014-Q2
Q,SI,,,I10,2014-Q3,104.227,SI2014-Q3
Q,SI,,,I10,2014-Q4,103.626,SI2014-Q4
Q,SI,,,I10,2015-Q1,104.021,SI2015-Q1
Q,SI,,,I10,2015-Q2,104.458,SI2015-Q2
Q,SI,,,I10,2015-Q3,104.533,SI2015-Q3
Q,SI,,,I10,2015-Q4,104.331,SI2015-Q4
Q,SI,,,I10,2016-Q1,105.057,SI2016-Q1
Q,SI,,,I10,2016-Q2,105.699,SI2016-Q2
Q,SI,,,I10,2016-Q3,106.064,SI2016-Q3
Q,SI,,,I10,2016-Q4,106.150,SI2016-Q4
Q,SI,,,I10,2017-Q1,107.556,SI2017-Q1
Q,SI,,,I10,2017-Q2,107.846,SI2017-Q2
Q,SI,,,I10,2017-Q3,107.906,SI2017-Q3
Q,SI,,,I10,2017-Q4,109.366,SI2017-Q4
Q,SI,,,I10,2018-Q1,108.693,SI2018-Q1
Q,SI,,,I10,2018-Q2,109.534,SI2018-Q2
Q,SI,,,I10,2018-Q3,110.161,SI2018-Q3
Q,SI,,,I10,2018-Q4,109.957,SI2018-Q4
Q,SI,,,I10,2019-Q1,110.829,SI2019-Q1
Q,SI,,,I10,2019-Q2,110.093,SI2019-Q2
Q,SI,,,I10,2019-Q3,110.637,SI2019-Q3
Q,SI,,,I10,2019-Q4,111.011,SI2019-Q4
Q,SI,,,I10,2020-Q1,106.827,SI2020-Q1
Q,SI,,,I10,2020-Q2,98.820,SI2020-Q2
Q,SI,,,I10,2020-Q3,110.314,SI2020-Q3
Q,SI,,,I10,2020-Q4,107.278,SI2020-Q4
Q,SI,,,I10,2021-Q1,111.898,SI2021-Q1
Q,SI,,,I10,2021-Q2,112.354,SI2021-Q2
Q,SI,,,I10,2021-Q3,114.138,SI2021-Q3
Q,SI,,,I10,2021-Q4,114.676,SI2021-Q4
Q,SI,,,I10,2022-Q1,113.512,SI2022-Q1
Q,SI,,,I10,2022-Q2,113.605,SI2022-Q2
Q,SI,,,I10,2022-Q3,112.995,SI2022-Q3
Q,SI,,,I10,2022-Q4,112.958,SI2022-Q4
Q,SI,,,I10,2023-Q1,112.946,SI2023-Q1
Q,SI,,,I10,2023-Q2,114.046,SI2023-Q2
Q,SI,,,I10,2023-Q3,113.929,SI2023-Q3
Q,SI,,,I10,2023-Q4,115.035,SI2023-Q4
Q,SK,,,I10,2010-Q1,98.765,SK2010-Q1
Q,SK,,,I10,2010-Q2,99.913,SK2010-Q2
Q,SK,,,I10,2010-Q3,100.588,SK2010-Q3
Q,SK,,,I10,2010-Q4,100.733,SK2010-Q4
Q,SK,,,I10,2011-Q1,100.336,SK2011-Q1
Q,SK,,,I10,2011-Q2,100.686,SK2011-Q2
Q,SK,,,I10,2011-Q3,100.902,SK2011-Q3
Q,SK,,,I10,2011-Q4,101.611,SK2011-Q4
Q,SK,,,I10,2012-Q1,101.741,SK2012-Q1
Q,SK,,,I10,2012-Q2,101.985,SK2012-Q2
Q,SK,,,I10,2012-Q3,102.299,SK2012-Q3
Q,SK,,,I10,2012-Q4,102.633,SK2012-Q4
Q,SK,,,I10,2013-Q1,102.911,SK2013-Q1
Q,SK,,,I10,2013-Q2,103.554,SK2013-Q2
Q,SK,,,I10,2013-Q3,103.798,SK2013-Q3
Q,SK,,,I10,2013-Q4,104.199,SK2013-Q4
Q,SK,,,I10,2014-Q1,104.324,SK2014-Q1
Q,SK,,,I10,2014-Q2,104.584,SK2014-Q2
Q,SK,,,I10,2014-Q3,105.192,SK2014-Q3
Q,SK,,,I10,2014-Q4,105.614,SK2014-Q4
Q,SK,,,I10,2015-Q1,107.315,SK2015-Q1
Q,SK,,,I10,2015-Q2,107.969,SK2015-Q2
Q,SK,,,I10,2015-Q3,108.657,SK2015-Q3
Q,SK,,,I10,2015-Q4,108.901,SK2015-Q4
Q,SK,,,I10,2016-Q1,108.127,SK2016-Q1
Q,SK,,,I10,2016-Q2,107.779,SK2016-Q2
Q,SK,,,I10,2016-Q3,107.571,SK2016-Q3
Q,SK,,,I10,2016-Q4,107.543,SK2016-Q4
Q,SK,,,I10,2017-Q1,107.934,SK2017-Q1
Q,SK,,,I10,2017-Q2,108.298,SK2017-Q2
Q,SK,,,I10,2017-Q3,108.571,SK2017-Q3
Q,SK,,,I10,2017-Q4,109.285,SK2017-Q4
Q,SK,,,I10,2018-Q1,109.764,SK2018-Q1
Q,SK,,,I10,2018-Q2,110.506,SK2018-Q2
Q,SK,,,I10,2018-Q3,111.121,SK2018-Q3
Q,SK,,,I10,2018-Q4,111.303,SK2018-Q4
Q,SK,,,I10,2019-Q1,111.752,SK2019-Q1
Q,SK,,,I10,2019-Q2,111.848,SK2019-Q2
Q,SK,,,I10,2019-Q3,112.322,SK2019-Q3
Q,SK,,,I10,2019-Q4,113.208,SK2019-Q4
Q,SK,,,I10,2020-Q1,110.089,SK2020-Q1
Q,SK,,,I10,2020-Q2,103.674,SK2020-Q2
Q,SK,,,I10,2020-Q3,113.974,SK2020-Q3
Q,SK,,,I10,2020-Q4,114.812,SK2020-Q4
Q,SK,,,I10,2021-Q1,115.437,SK2021-Q1
Q,SK,,,I10,2021-Q2,116.809,SK2021-Q2
Q,SK,,,I10,2021-Q3,116.927,SK2021-Q3
Q,SK,,,I10,2021-Q4,117.159,SK2021-Q4
Q,SK,,,I10,2022-Q1,116.956,SK2022-Q1
Q,SK,,,I10,2022-Q2,116.350,SK2022-Q2
Q,SK,,,I10,2022-Q3,116.659,SK2022-Q3
Q,SK,,,I10,2022-Q4,116.848,SK2022-Q4
Q,SK,,,I10,2023-Q1,117.302,SK2023-Q1
Q,SK,,,I10,2023-Q2,118.040,SK2023-Q2
Q,SK,,,I10,2023-Q3,118.566,SK2023-Q3
Q,SK,,,I10,2023-Q4,119.037,SK2023-Q4
Q,UK,,,I10,2010-Q1,99.6,UK2010-Q1
Q,UK,,,I10,2010-Q2,100.0,UK2010-Q2
Q,UK,,,I10,2010-Q3,100.1,UK2010-Q3
Q,UK,,,I10,2010-Q4,100.3,UK2010-Q4
Q,UK,,,I10,2011-Q1,100.3,UK2011-Q1
Q,UK,,,I10,2011-Q2,100.3,UK2011-Q2
Q,UK,,,I10,2011-Q3,101.3,UK2011-Q3
Q,UK,,,I10,2011-Q4,101.2,UK2011-Q4
Q,UK,,,I10,2012-Q1,101.5,UK2012-Q1
Q,UK,,,I10,2012-Q2,100.6,UK2012-Q2
Q,UK,,,I10,2012-Q3,101.5,UK2012-Q3
Q,UK,,,I10,2012-Q4,100.8,UK2012-Q4
Q,UK,,,I10,2013-Q1,101.6,UK2013-Q1
Q,UK,,,I10,2013-Q2,102.0,UK2013-Q2
Q,UK,,,I10,2013-Q3,102.4,UK2013-Q3
Q,UK,,,I10,2013-Q4,102.5,UK2013-Q4
Q,UK,,,I10,2014-Q1,102.4,UK2014-Q1
Q,UK,,,I10,2014-Q2,102.5,UK2014-Q2
Q,UK,,,I10,2014-Q3,102.7,UK2014-Q3
Q,UK,,,I10,2014-Q4,102.9,UK2014-Q4
Q,UK,,,I10,2015-Q1,102.7,UK2015-Q1
Q,UK,,,I10,2015-Q2,103.7,UK2015-Q2
Q,UK,,,I10,2015-Q3,103.3,UK2015-Q3
Q,UK,,,I10,2015-Q4,103.3,UK2015-Q4
Q,UK,,,I10,2016-Q1,103.4,UK2016-Q1
Q,UK,,,I10,2016-Q2,103.3,UK2016-Q2
Q,UK,,,I10,2016-Q3,103.4,UK2016-Q3
Q,UK,,,I10,2016-Q4,103.9,UK2016-Q4
Q,UK,,,I10,2017-Q1,104.1,UK2017-Q1
Q,UK,,,I10,2017-Q2,104.0,UK2017-Q2
Q,UK,,,I10,2017-Q3,104.5,UK2017-Q3
Q,UK,,,I10,2017-Q4,104.6,UK2017-Q4
Q,UK,,,I10,2018-Q1,104.0,UK2018-Q1
Q,UK,,,I10,2018-Q2,104.3,UK2018-Q2
Q,UK,,,I10,2018-Q3,104.8,UK2018-Q3
Q,UK,,,I10,2018-Q4,104.4,UK2018-Q4
Q,UK,,,I10,2019-Q1,104.6,UK2019-Q1
Q,UK,,,I10,2019-Q2,104.4,UK2019-Q2
Q,UK,,,I10,2019-Q3,105.1,UK2019-Q3
Q,UK,,,I10,2019-Q4,104.6,UK2019-Q4
Q,UK,,,I10,2020-Q1,101.2,UK2020-Q1
Q,UK,,,I10,2020-Q2,83.1,UK2020-Q2
Q,UK,,,I10,2020-Q3,96.8,UK2020-Q3
